ISO-10303-21;
HEADER;
/* Generated by software containing ST-Developer
 * from STEP Tools, Inc. (www.steptools.com) 
 */

FILE_DESCRIPTION(
/* description */ (''),
/* implementation_level */ '2;1');

FILE_NAME(
/* name */ '[o]_Carrier_Neo_RGB.step',
/* time_stamp */ '2025-05-12T09:33:59+02:00',
/* author */ (''),
/* organization */ (''),
/* preprocessor_version */ 'ST-DEVELOPER v20.1',
/* originating_system */ 'Autodesk Translation Framework v14.4.0.0',
/* authorisation */ '');

FILE_SCHEMA (('AUTOMOTIVE_DESIGN { 1 0 10303 214 3 1 1 }'));
ENDSEC;

DATA;
#10=MECHANICAL_DESIGN_GEOMETRIC_PRESENTATION_REPRESENTATION('',(#13),#2218);
#11=SHAPE_REPRESENTATION_RELATIONSHIP('SRR','None',#2225,#12);
#12=ADVANCED_BREP_SHAPE_REPRESENTATION('',(#14),#2217);
#13=STYLED_ITEM('',(#2235),#14);
#14=MANIFOLD_SOLID_BREP('Body1',#1380);
#15=CONICAL_SURFACE('',#1430,1.29999999999999,0.785398163397602);
#16=CONICAL_SURFACE('',#1433,1.29999999999999,0.785398163397444);
#17=CONICAL_SURFACE('',#1436,1.3,0.785398163397362);
#18=CONICAL_SURFACE('',#1439,1.3,0.785398163397521);
#19=CYLINDRICAL_SURFACE('',#1404,1.2);
#20=CYLINDRICAL_SURFACE('',#1407,1.2);
#21=CYLINDRICAL_SURFACE('',#1409,1.2);
#22=CYLINDRICAL_SURFACE('',#1444,1.2);
#23=FACE_BOUND('',#113,.T.);
#24=FACE_BOUND('',#178,.T.);
#25=CIRCLE('',#1399,1.2);
#26=CIRCLE('',#1400,1.2);
#27=CIRCLE('',#1401,1.2);
#28=CIRCLE('',#1402,1.2);
#29=CIRCLE('',#1405,1.2);
#30=CIRCLE('',#1408,1.2);
#31=CIRCLE('',#1410,1.2);
#32=CIRCLE('',#1431,1.39999999999999);
#33=CIRCLE('',#1434,1.39999999999999);
#34=CIRCLE('',#1437,1.39999999999999);
#35=CIRCLE('',#1440,1.2);
#36=CIRCLE('',#1441,1.39999999999999);
#37=FACE_OUTER_BOUND('',#108,.T.);
#38=FACE_OUTER_BOUND('',#109,.T.);
#39=FACE_OUTER_BOUND('',#110,.T.);
#40=FACE_OUTER_BOUND('',#111,.T.);
#41=FACE_OUTER_BOUND('',#112,.T.);
#42=FACE_OUTER_BOUND('',#114,.T.);
#43=FACE_OUTER_BOUND('',#115,.T.);
#44=FACE_OUTER_BOUND('',#116,.T.);
#45=FACE_OUTER_BOUND('',#117,.T.);
#46=FACE_OUTER_BOUND('',#118,.T.);
#47=FACE_OUTER_BOUND('',#119,.T.);
#48=FACE_OUTER_BOUND('',#120,.T.);
#49=FACE_OUTER_BOUND('',#121,.T.);
#50=FACE_OUTER_BOUND('',#122,.T.);
#51=FACE_OUTER_BOUND('',#123,.T.);
#52=FACE_OUTER_BOUND('',#124,.T.);
#53=FACE_OUTER_BOUND('',#125,.T.);
#54=FACE_OUTER_BOUND('',#126,.T.);
#55=FACE_OUTER_BOUND('',#127,.T.);
#56=FACE_OUTER_BOUND('',#128,.T.);
#57=FACE_OUTER_BOUND('',#129,.T.);
#58=FACE_OUTER_BOUND('',#130,.T.);
#59=FACE_OUTER_BOUND('',#131,.T.);
#60=FACE_OUTER_BOUND('',#132,.T.);
#61=FACE_OUTER_BOUND('',#133,.T.);
#62=FACE_OUTER_BOUND('',#134,.T.);
#63=FACE_OUTER_BOUND('',#135,.T.);
#64=FACE_OUTER_BOUND('',#136,.T.);
#65=FACE_OUTER_BOUND('',#137,.T.);
#66=FACE_OUTER_BOUND('',#138,.T.);
#67=FACE_OUTER_BOUND('',#139,.T.);
#68=FACE_OUTER_BOUND('',#140,.T.);
#69=FACE_OUTER_BOUND('',#141,.T.);
#70=FACE_OUTER_BOUND('',#142,.T.);
#71=FACE_OUTER_BOUND('',#143,.T.);
#72=FACE_OUTER_BOUND('',#144,.T.);
#73=FACE_OUTER_BOUND('',#145,.T.);
#74=FACE_OUTER_BOUND('',#146,.T.);
#75=FACE_OUTER_BOUND('',#147,.T.);
#76=FACE_OUTER_BOUND('',#148,.T.);
#77=FACE_OUTER_BOUND('',#149,.T.);
#78=FACE_OUTER_BOUND('',#150,.T.);
#79=FACE_OUTER_BOUND('',#151,.T.);
#80=FACE_OUTER_BOUND('',#152,.T.);
#81=FACE_OUTER_BOUND('',#153,.T.);
#82=FACE_OUTER_BOUND('',#154,.T.);
#83=FACE_OUTER_BOUND('',#155,.T.);
#84=FACE_OUTER_BOUND('',#156,.T.);
#85=FACE_OUTER_BOUND('',#157,.T.);
#86=FACE_OUTER_BOUND('',#158,.T.);
#87=FACE_OUTER_BOUND('',#159,.T.);
#88=FACE_OUTER_BOUND('',#160,.T.);
#89=FACE_OUTER_BOUND('',#161,.T.);
#90=FACE_OUTER_BOUND('',#162,.T.);
#91=FACE_OUTER_BOUND('',#163,.T.);
#92=FACE_OUTER_BOUND('',#164,.T.);
#93=FACE_OUTER_BOUND('',#165,.T.);
#94=FACE_OUTER_BOUND('',#166,.T.);
#95=FACE_OUTER_BOUND('',#167,.T.);
#96=FACE_OUTER_BOUND('',#168,.T.);
#97=FACE_OUTER_BOUND('',#169,.T.);
#98=FACE_OUTER_BOUND('',#170,.T.);
#99=FACE_OUTER_BOUND('',#171,.T.);
#100=FACE_OUTER_BOUND('',#172,.T.);
#101=FACE_OUTER_BOUND('',#173,.T.);
#102=FACE_OUTER_BOUND('',#174,.T.);
#103=FACE_OUTER_BOUND('',#175,.T.);
#104=FACE_OUTER_BOUND('',#176,.T.);
#105=FACE_OUTER_BOUND('',#177,.T.);
#106=FACE_OUTER_BOUND('',#179,.T.);
#107=FACE_OUTER_BOUND('',#180,.T.);
#108=EDGE_LOOP('',(#860,#861,#862,#863));
#109=EDGE_LOOP('',(#864,#865,#866,#867,#868,#869,#870));
#110=EDGE_LOOP('',(#871,#872,#873,#874,#875,#876,#877));
#111=EDGE_LOOP('',(#878,#879,#880,#881));
#112=EDGE_LOOP('',(#882,#883,#884,#885,#886,#887,#888,#889));
#113=EDGE_LOOP('',(#890,#891,#892,#893));
#114=EDGE_LOOP('',(#894,#895,#896,#897));
#115=EDGE_LOOP('',(#898,#899,#900,#901));
#116=EDGE_LOOP('',(#902,#903,#904,#905));
#117=EDGE_LOOP('',(#906,#907,#908,#909));
#118=EDGE_LOOP('',(#910,#911,#912,#913));
#119=EDGE_LOOP('',(#914,#915,#916,#917));
#120=EDGE_LOOP('',(#918,#919,#920,#921,#922,#923,#924,#925,#926));
#121=EDGE_LOOP('',(#927,#928,#929,#930));
#122=EDGE_LOOP('',(#931,#932,#933,#934,#935));
#123=EDGE_LOOP('',(#936,#937,#938,#939));
#124=EDGE_LOOP('',(#940,#941,#942,#943));
#125=EDGE_LOOP('',(#944,#945,#946,#947,#948,#949,#950,#951,#952,#953,#954));
#126=EDGE_LOOP('',(#955,#956,#957,#958));
#127=EDGE_LOOP('',(#959,#960,#961,#962,#963,#964,#965));
#128=EDGE_LOOP('',(#966,#967,#968,#969,#970,#971,#972,#973));
#129=EDGE_LOOP('',(#974,#975,#976,#977));
#130=EDGE_LOOP('',(#978,#979,#980,#981,#982));
#131=EDGE_LOOP('',(#983,#984,#985,#986,#987));
#132=EDGE_LOOP('',(#988,#989,#990,#991,#992));
#133=EDGE_LOOP('',(#993,#994,#995,#996,#997,#998,#999,#1000));
#134=EDGE_LOOP('',(#1001,#1002,#1003,#1004,#1005,#1006));
#135=EDGE_LOOP('',(#1007,#1008,#1009,#1010));
#136=EDGE_LOOP('',(#1011,#1012,#1013,#1014,#1015,#1016));
#137=EDGE_LOOP('',(#1017,#1018,#1019,#1020));
#138=EDGE_LOOP('',(#1021,#1022,#1023,#1024));
#139=EDGE_LOOP('',(#1025,#1026,#1027,#1028));
#140=EDGE_LOOP('',(#1029,#1030,#1031,#1032));
#141=EDGE_LOOP('',(#1033,#1034,#1035,#1036));
#142=EDGE_LOOP('',(#1037,#1038,#1039,#1040));
#143=EDGE_LOOP('',(#1041,#1042,#1043,#1044));
#144=EDGE_LOOP('',(#1045,#1046,#1047,#1048));
#145=EDGE_LOOP('',(#1049,#1050,#1051,#1052));
#146=EDGE_LOOP('',(#1053,#1054,#1055,#1056));
#147=EDGE_LOOP('',(#1057,#1058,#1059,#1060));
#148=EDGE_LOOP('',(#1061,#1062,#1063,#1064));
#149=EDGE_LOOP('',(#1065,#1066,#1067,#1068,#1069,#1070,#1071,#1072,#1073,
#1074,#1075,#1076));
#150=EDGE_LOOP('',(#1077,#1078,#1079,#1080,#1081,#1082));
#151=EDGE_LOOP('',(#1083,#1084,#1085,#1086));
#152=EDGE_LOOP('',(#1087,#1088,#1089,#1090,#1091,#1092,#1093));
#153=EDGE_LOOP('',(#1094,#1095,#1096,#1097,#1098));
#154=EDGE_LOOP('',(#1099,#1100,#1101,#1102,#1103,#1104));
#155=EDGE_LOOP('',(#1105,#1106,#1107,#1108,#1109,#1110));
#156=EDGE_LOOP('',(#1111,#1112,#1113,#1114,#1115,#1116));
#157=EDGE_LOOP('',(#1117,#1118,#1119,#1120,#1121,#1122));
#158=EDGE_LOOP('',(#1123,#1124,#1125,#1126));
#159=EDGE_LOOP('',(#1127,#1128,#1129,#1130,#1131,#1132,#1133,#1134,#1135));
#160=EDGE_LOOP('',(#1136,#1137,#1138,#1139,#1140));
#161=EDGE_LOOP('',(#1141,#1142,#1143,#1144));
#162=EDGE_LOOP('',(#1145,#1146,#1147,#1148));
#163=EDGE_LOOP('',(#1149,#1150,#1151,#1152,#1153,#1154,#1155));
#164=EDGE_LOOP('',(#1156,#1157,#1158,#1159));
#165=EDGE_LOOP('',(#1160,#1161,#1162,#1163,#1164,#1165,#1166,#1167));
#166=EDGE_LOOP('',(#1168,#1169,#1170,#1171,#1172));
#167=EDGE_LOOP('',(#1173,#1174,#1175,#1176));
#168=EDGE_LOOP('',(#1177,#1178,#1179,#1180,#1181,#1182,#1183,#1184,#1185));
#169=EDGE_LOOP('',(#1186,#1187,#1188,#1189));
#170=EDGE_LOOP('',(#1190,#1191,#1192,#1193,#1194));
#171=EDGE_LOOP('',(#1195,#1196,#1197,#1198));
#172=EDGE_LOOP('',(#1199,#1200,#1201,#1202,#1203));
#173=EDGE_LOOP('',(#1204,#1205,#1206,#1207));
#174=EDGE_LOOP('',(#1208,#1209,#1210,#1211,#1212));
#175=EDGE_LOOP('',(#1213,#1214,#1215,#1216));
#176=EDGE_LOOP('',(#1217,#1218,#1219,#1220));
#177=EDGE_LOOP('',(#1221,#1222,#1223,#1224));
#178=EDGE_LOOP('',(#1225,#1226,#1227,#1228,#1229,#1230,#1231,#1232));
#179=EDGE_LOOP('',(#1233,#1234,#1235,#1236,#1237,#1238,#1239,#1240,#1241));
#180=EDGE_LOOP('',(#1242,#1243,#1244,#1245));
#181=LINE('',#1830,#362);
#182=LINE('',#1832,#363);
#183=LINE('',#1834,#364);
#184=LINE('',#1835,#365);
#185=LINE('',#1839,#366);
#186=LINE('',#1841,#367);
#187=LINE('',#1842,#368);
#188=LINE('',#1844,#369);
#189=LINE('',#1846,#370);
#190=LINE('',#1847,#371);
#191=LINE('',#1851,#372);
#192=LINE('',#1853,#373);
#193=LINE('',#1855,#374);
#194=LINE('',#1857,#375);
#195=LINE('',#1858,#376);
#196=LINE('',#1859,#377);
#197=LINE('',#1861,#378);
#198=LINE('',#1865,#379);
#199=LINE('',#1869,#380);
#200=LINE('',#1873,#381);
#201=LINE('',#1877,#382);
#202=LINE('',#1879,#383);
#203=LINE('',#1883,#384);
#204=LINE('',#1885,#385);
#205=LINE('',#1887,#386);
#206=LINE('',#1888,#387);
#207=LINE('',#1891,#388);
#208=LINE('',#1894,#389);
#209=LINE('',#1897,#390);
#210=LINE('',#1898,#391);
#211=LINE('',#1901,#392);
#212=LINE('',#1904,#393);
#213=LINE('',#1907,#394);
#214=LINE('',#1911,#395);
#215=LINE('',#1913,#396);
#216=LINE('',#1914,#397);
#217=LINE('',#1918,#398);
#218=LINE('',#1920,#399);
#219=LINE('',#1922,#400);
#220=LINE('',#1924,#401);
#221=LINE('',#1926,#402);
#222=LINE('',#1928,#403);
#223=LINE('',#1930,#404);
#224=LINE('',#1932,#405);
#225=LINE('',#1933,#406);
#226=LINE('',#1936,#407);
#227=LINE('',#1938,#408);
#228=LINE('',#1940,#409);
#229=LINE('',#1941,#410);
#230=LINE('',#1944,#411);
#231=LINE('',#1946,#412);
#232=LINE('',#1947,#413);
#233=LINE('',#1951,#414);
#234=LINE('',#1953,#415);
#235=LINE('',#1955,#416);
#236=LINE('',#1956,#417);
#237=LINE('',#1960,#418);
#238=LINE('',#1962,#419);
#239=LINE('',#1964,#420);
#240=LINE('',#1965,#421);
#241=LINE('',#1967,#422);
#242=LINE('',#1969,#423);
#243=LINE('',#1971,#424);
#244=LINE('',#1973,#425);
#245=LINE('',#1975,#426);
#246=LINE('',#1977,#427);
#247=LINE('',#1979,#428);
#248=LINE('',#1981,#429);
#249=LINE('',#1983,#430);
#250=LINE('',#1984,#431);
#251=LINE('',#1988,#432);
#252=LINE('',#1990,#433);
#253=LINE('',#1992,#434);
#254=LINE('',#1993,#435);
#255=LINE('',#1996,#436);
#256=LINE('',#1998,#437);
#257=LINE('',#2000,#438);
#258=LINE('',#2002,#439);
#259=LINE('',#2003,#440);
#260=LINE('',#2004,#441);
#261=LINE('',#2007,#442);
#262=LINE('',#2008,#443);
#263=LINE('',#2010,#444);
#264=LINE('',#2012,#445);
#265=LINE('',#2013,#446);
#266=LINE('',#2017,#447);
#267=LINE('',#2019,#448);
#268=LINE('',#2021,#449);
#269=LINE('',#2022,#450);
#270=LINE('',#2025,#451);
#271=LINE('',#2027,#452);
#272=LINE('',#2029,#453);
#273=LINE('',#2030,#454);
#274=LINE('',#2032,#455);
#275=LINE('',#2033,#456);
#276=LINE('',#2037,#457);
#277=LINE('',#2038,#458);
#278=LINE('',#2040,#459);
#279=LINE('',#2041,#460);
#280=LINE('',#2043,#461);
#281=LINE('',#2045,#462);
#282=LINE('',#2047,#463);
#283=LINE('',#2048,#464);
#284=LINE('',#2051,#465);
#285=LINE('',#2053,#466);
#286=LINE('',#2054,#467);
#287=LINE('',#2056,#468);
#288=LINE('',#2059,#469);
#289=LINE('',#2061,#470);
#290=LINE('',#2062,#471);
#291=LINE('',#2065,#472);
#292=LINE('',#2067,#473);
#293=LINE('',#2069,#474);
#294=LINE('',#2070,#475);
#295=LINE('',#2073,#476);
#296=LINE('',#2077,#477);
#297=LINE('',#2078,#478);
#298=LINE('',#2081,#479);
#299=LINE('',#2085,#480);
#300=LINE('',#2086,#481);
#301=LINE('',#2087,#482);
#302=LINE('',#2090,#483);
#303=LINE('',#2095,#484);
#304=LINE('',#2096,#485);
#305=LINE('',#2097,#486);
#306=LINE('',#2102,#487);
#307=LINE('',#2105,#488);
#308=LINE('',#2109,#489);
#309=LINE('',#2110,#490);
#310=LINE('',#2111,#491);
#311=LINE('',#2113,#492);
#312=LINE('',#2115,#493);
#313=LINE('',#2117,#494);
#314=LINE('',#2118,#495);
#315=LINE('',#2121,#496);
#316=LINE('',#2122,#497);
#317=LINE('',#2124,#498);
#318=LINE('',#2125,#499);
#319=LINE('',#2127,#500);
#320=LINE('',#2128,#501);
#321=LINE('',#2130,#502);
#322=LINE('',#2132,#503);
#323=LINE('',#2136,#504);
#324=LINE('',#2138,#505);
#325=LINE('',#2139,#506);
#326=LINE('',#2141,#507);
#327=LINE('',#2142,#508);
#328=LINE('',#2145,#509);
#329=LINE('',#2146,#510);
#330=LINE('',#2147,#511);
#331=LINE('',#2150,#512);
#332=LINE('',#2152,#513);
#333=LINE('',#2154,#514);
#334=LINE('',#2155,#515);
#335=LINE('',#2158,#516);
#336=LINE('',#2160,#517);
#337=LINE('',#2161,#518);
#338=LINE('',#2163,#519);
#339=LINE('',#2164,#520);
#340=LINE('',#2167,#521);
#341=LINE('',#2169,#522);
#342=LINE('',#2170,#523);
#343=LINE('',#2171,#524);
#344=LINE('',#2175,#525);
#345=LINE('',#2176,#526);
#346=LINE('',#2179,#527);
#347=LINE('',#2180,#528);
#348=LINE('',#2182,#529);
#349=LINE('',#2184,#530);
#350=LINE('',#2185,#531);
#351=LINE('',#2189,#532);
#352=LINE('',#2190,#533);
#353=LINE('',#2192,#534);
#354=LINE('',#2194,#535);
#355=LINE('',#2197,#536);
#356=LINE('',#2198,#537);
#357=LINE('',#2201,#538);
#358=LINE('',#2202,#539);
#359=LINE('',#2204,#540);
#360=LINE('',#2207,#541);
#361=LINE('',#2213,#542);
#362=VECTOR('',#1481,10.);
#363=VECTOR('',#1482,10.);
#364=VECTOR('',#1483,10.);
#365=VECTOR('',#1484,10.);
#366=VECTOR('',#1487,10.);
#367=VECTOR('',#1488,10.);
#368=VECTOR('',#1489,10.);
#369=VECTOR('',#1490,10.);
#370=VECTOR('',#1491,10.);
#371=VECTOR('',#1492,10.);
#372=VECTOR('',#1495,10.);
#373=VECTOR('',#1496,10.);
#374=VECTOR('',#1497,10.);
#375=VECTOR('',#1498,10.);
#376=VECTOR('',#1499,10.);
#377=VECTOR('',#1500,10.);
#378=VECTOR('',#1503,10.);
#379=VECTOR('',#1506,10.);
#380=VECTOR('',#1509,10.);
#381=VECTOR('',#1512,10.);
#382=VECTOR('',#1515,10.);
#383=VECTOR('',#1518,10.);
#384=VECTOR('',#1521,10.);
#385=VECTOR('',#1522,10.);
#386=VECTOR('',#1523,10.);
#387=VECTOR('',#1524,10.);
#388=VECTOR('',#1527,10.);
#389=VECTOR('',#1530,10.);
#390=VECTOR('',#1533,10.);
#391=VECTOR('',#1534,10.);
#392=VECTOR('',#1537,10.);
#393=VECTOR('',#1540,10.);
#394=VECTOR('',#1543,10.);
#395=VECTOR('',#1548,10.);
#396=VECTOR('',#1549,10.);
#397=VECTOR('',#1550,10.);
#398=VECTOR('',#1553,10.);
#399=VECTOR('',#1554,10.);
#400=VECTOR('',#1555,10.);
#401=VECTOR('',#1556,10.);
#402=VECTOR('',#1557,10.);
#403=VECTOR('',#1558,10.);
#404=VECTOR('',#1559,10.);
#405=VECTOR('',#1560,10.);
#406=VECTOR('',#1561,10.);
#407=VECTOR('',#1564,10.);
#408=VECTOR('',#1565,10.);
#409=VECTOR('',#1566,10.);
#410=VECTOR('',#1567,9.99999999999999);
#411=VECTOR('',#1570,10.);
#412=VECTOR('',#1571,10.);
#413=VECTOR('',#1572,10.);
#414=VECTOR('',#1575,10.);
#415=VECTOR('',#1576,9.99999999999999);
#416=VECTOR('',#1577,10.);
#417=VECTOR('',#1578,10.);
#418=VECTOR('',#1581,10.);
#419=VECTOR('',#1582,10.);
#420=VECTOR('',#1583,10.);
#421=VECTOR('',#1584,10.);
#422=VECTOR('',#1587,10.);
#423=VECTOR('',#1588,10.);
#424=VECTOR('',#1589,10.);
#425=VECTOR('',#1590,10.);
#426=VECTOR('',#1591,10.);
#427=VECTOR('',#1592,10.);
#428=VECTOR('',#1593,10.);
#429=VECTOR('',#1594,10.);
#430=VECTOR('',#1595,10.);
#431=VECTOR('',#1596,10.);
#432=VECTOR('',#1599,10.);
#433=VECTOR('',#1600,10.);
#434=VECTOR('',#1601,10.);
#435=VECTOR('',#1602,10.);
#436=VECTOR('',#1605,10.);
#437=VECTOR('',#1606,10.);
#438=VECTOR('',#1607,10.);
#439=VECTOR('',#1608,10.);
#440=VECTOR('',#1609,10.);
#441=VECTOR('',#1610,10.);
#442=VECTOR('',#1613,10.);
#443=VECTOR('',#1614,10.);
#444=VECTOR('',#1615,10.);
#445=VECTOR('',#1616,10.);
#446=VECTOR('',#1617,10.);
#447=VECTOR('',#1620,10.);
#448=VECTOR('',#1621,10.);
#449=VECTOR('',#1622,10.);
#450=VECTOR('',#1623,10.);
#451=VECTOR('',#1626,10.);
#452=VECTOR('',#1627,10.);
#453=VECTOR('',#1628,10.);
#454=VECTOR('',#1629,10.);
#455=VECTOR('',#1632,10.);
#456=VECTOR('',#1633,10.);
#457=VECTOR('',#1636,10.);
#458=VECTOR('',#1637,10.);
#459=VECTOR('',#1638,10.);
#460=VECTOR('',#1639,10.);
#461=VECTOR('',#1642,10.);
#462=VECTOR('',#1643,10.);
#463=VECTOR('',#1644,10.);
#464=VECTOR('',#1645,10.);
#465=VECTOR('',#1648,10.);
#466=VECTOR('',#1649,10.);
#467=VECTOR('',#1650,10.);
#468=VECTOR('',#1653,10.);
#469=VECTOR('',#1656,10.);
#470=VECTOR('',#1657,10.);
#471=VECTOR('',#1658,10.);
#472=VECTOR('',#1661,9.99999999999999);
#473=VECTOR('',#1662,10.);
#474=VECTOR('',#1663,9.99999999999999);
#475=VECTOR('',#1664,10.);
#476=VECTOR('',#1667,10.);
#477=VECTOR('',#1672,10.);
#478=VECTOR('',#1673,10.);
#479=VECTOR('',#1676,9.99999999999999);
#480=VECTOR('',#1681,9.99999999999999);
#481=VECTOR('',#1682,10.);
#482=VECTOR('',#1683,10.);
#483=VECTOR('',#1686,10.);
#484=VECTOR('',#1691,10.);
#485=VECTOR('',#1692,10.);
#486=VECTOR('',#1693,10.);
#487=VECTOR('',#1702,10.);
#488=VECTOR('',#1707,10.);
#489=VECTOR('',#1712,10.);
#490=VECTOR('',#1713,10.);
#491=VECTOR('',#1714,10.);
#492=VECTOR('',#1715,10.);
#493=VECTOR('',#1716,10.);
#494=VECTOR('',#1717,10.);
#495=VECTOR('',#1718,10.);
#496=VECTOR('',#1721,10.);
#497=VECTOR('',#1722,10.);
#498=VECTOR('',#1723,10.);
#499=VECTOR('',#1724,10.);
#500=VECTOR('',#1727,10.);
#501=VECTOR('',#1728,10.);
#502=VECTOR('',#1731,10.);
#503=VECTOR('',#1734,10.);
#504=VECTOR('',#1737,10.);
#505=VECTOR('',#1738,10.);
#506=VECTOR('',#1739,10.);
#507=VECTOR('',#1740,10.);
#508=VECTOR('',#1741,10.);
#509=VECTOR('',#1744,10.);
#510=VECTOR('',#1745,10.);
#511=VECTOR('',#1746,10.);
#512=VECTOR('',#1749,10.);
#513=VECTOR('',#1750,9.99999999999999);
#514=VECTOR('',#1751,10.);
#515=VECTOR('',#1752,10.);
#516=VECTOR('',#1755,10.);
#517=VECTOR('',#1756,10.);
#518=VECTOR('',#1757,10.);
#519=VECTOR('',#1760,10.);
#520=VECTOR('',#1761,10.);
#521=VECTOR('',#1764,10.);
#522=VECTOR('',#1765,9.99999999999999);
#523=VECTOR('',#1766,10.);
#524=VECTOR('',#1767,10.);
#525=VECTOR('',#1772,10.);
#526=VECTOR('',#1773,10.);
#527=VECTOR('',#1776,10.);
#528=VECTOR('',#1777,10.);
#529=VECTOR('',#1780,10.);
#530=VECTOR('',#1783,10.);
#531=VECTOR('',#1784,10.);
#532=VECTOR('',#1789,10.);
#533=VECTOR('',#1790,10.);
#534=VECTOR('',#1793,10.);
#535=VECTOR('',#1796,10.);
#536=VECTOR('',#1799,10.);
#537=VECTOR('',#1800,10.);
#538=VECTOR('',#1803,10.);
#539=VECTOR('',#1804,10.);
#540=VECTOR('',#1807,10.);
#541=VECTOR('',#1812,10.);
#542=VECTOR('',#1823,10.);
#543=VERTEX_POINT('',#1828);
#544=VERTEX_POINT('',#1829);
#545=VERTEX_POINT('',#1831);
#546=VERTEX_POINT('',#1833);
#547=VERTEX_POINT('',#1837);
#548=VERTEX_POINT('',#1838);
#549=VERTEX_POINT('',#1840);
#550=VERTEX_POINT('',#1843);
#551=VERTEX_POINT('',#1845);
#552=VERTEX_POINT('',#1849);
#553=VERTEX_POINT('',#1850);
#554=VERTEX_POINT('',#1852);
#555=VERTEX_POINT('',#1854);
#556=VERTEX_POINT('',#1856);
#557=VERTEX_POINT('',#1863);
#558=VERTEX_POINT('',#1864);
#559=VERTEX_POINT('',#1866);
#560=VERTEX_POINT('',#1868);
#561=VERTEX_POINT('',#1870);
#562=VERTEX_POINT('',#1872);
#563=VERTEX_POINT('',#1874);
#564=VERTEX_POINT('',#1876);
#565=VERTEX_POINT('',#1881);
#566=VERTEX_POINT('',#1882);
#567=VERTEX_POINT('',#1884);
#568=VERTEX_POINT('',#1886);
#569=VERTEX_POINT('',#1890);
#570=VERTEX_POINT('',#1892);
#571=VERTEX_POINT('',#1896);
#572=VERTEX_POINT('',#1900);
#573=VERTEX_POINT('',#1902);
#574=VERTEX_POINT('',#1906);
#575=VERTEX_POINT('',#1910);
#576=VERTEX_POINT('',#1912);
#577=VERTEX_POINT('',#1916);
#578=VERTEX_POINT('',#1917);
#579=VERTEX_POINT('',#1919);
#580=VERTEX_POINT('',#1921);
#581=VERTEX_POINT('',#1923);
#582=VERTEX_POINT('',#1925);
#583=VERTEX_POINT('',#1927);
#584=VERTEX_POINT('',#1929);
#585=VERTEX_POINT('',#1931);
#586=VERTEX_POINT('',#1935);
#587=VERTEX_POINT('',#1937);
#588=VERTEX_POINT('',#1939);
#589=VERTEX_POINT('',#1943);
#590=VERTEX_POINT('',#1945);
#591=VERTEX_POINT('',#1949);
#592=VERTEX_POINT('',#1950);
#593=VERTEX_POINT('',#1952);
#594=VERTEX_POINT('',#1954);
#595=VERTEX_POINT('',#1958);
#596=VERTEX_POINT('',#1959);
#597=VERTEX_POINT('',#1961);
#598=VERTEX_POINT('',#1963);
#599=VERTEX_POINT('',#1968);
#600=VERTEX_POINT('',#1970);
#601=VERTEX_POINT('',#1972);
#602=VERTEX_POINT('',#1974);
#603=VERTEX_POINT('',#1976);
#604=VERTEX_POINT('',#1978);
#605=VERTEX_POINT('',#1980);
#606=VERTEX_POINT('',#1982);
#607=VERTEX_POINT('',#1986);
#608=VERTEX_POINT('',#1987);
#609=VERTEX_POINT('',#1989);
#610=VERTEX_POINT('',#1991);
#611=VERTEX_POINT('',#1995);
#612=VERTEX_POINT('',#1997);
#613=VERTEX_POINT('',#1999);
#614=VERTEX_POINT('',#2001);
#615=VERTEX_POINT('',#2006);
#616=VERTEX_POINT('',#2009);
#617=VERTEX_POINT('',#2011);
#618=VERTEX_POINT('',#2015);
#619=VERTEX_POINT('',#2016);
#620=VERTEX_POINT('',#2018);
#621=VERTEX_POINT('',#2020);
#622=VERTEX_POINT('',#2024);
#623=VERTEX_POINT('',#2026);
#624=VERTEX_POINT('',#2028);
#625=VERTEX_POINT('',#2035);
#626=VERTEX_POINT('',#2036);
#627=VERTEX_POINT('',#2039);
#628=VERTEX_POINT('',#2044);
#629=VERTEX_POINT('',#2046);
#630=VERTEX_POINT('',#2050);
#631=VERTEX_POINT('',#2052);
#632=VERTEX_POINT('',#2058);
#633=VERTEX_POINT('',#2060);
#634=VERTEX_POINT('',#2064);
#635=VERTEX_POINT('',#2066);
#636=VERTEX_POINT('',#2068);
#637=VERTEX_POINT('',#2072);
#638=VERTEX_POINT('',#2076);
#639=VERTEX_POINT('',#2080);
#640=VERTEX_POINT('',#2084);
#641=VERTEX_POINT('',#2089);
#642=VERTEX_POINT('',#2093);
#643=VERTEX_POINT('',#2094);
#644=VERTEX_POINT('',#2108);
#645=VERTEX_POINT('',#2112);
#646=VERTEX_POINT('',#2114);
#647=VERTEX_POINT('',#2116);
#648=VERTEX_POINT('',#2120);
#649=VERTEX_POINT('',#2123);
#650=VERTEX_POINT('',#2134);
#651=VERTEX_POINT('',#2135);
#652=VERTEX_POINT('',#2137);
#653=VERTEX_POINT('',#2140);
#654=VERTEX_POINT('',#2144);
#655=VERTEX_POINT('',#2149);
#656=VERTEX_POINT('',#2151);
#657=VERTEX_POINT('',#2153);
#658=VERTEX_POINT('',#2157);
#659=VERTEX_POINT('',#2159);
#660=VERTEX_POINT('',#2166);
#661=VERTEX_POINT('',#2168);
#662=VERTEX_POINT('',#2174);
#663=VERTEX_POINT('',#2178);
#664=VERTEX_POINT('',#2188);
#665=VERTEX_POINT('',#2196);
#666=VERTEX_POINT('',#2200);
#667=EDGE_CURVE('',#543,#544,#181,.F.);
#668=EDGE_CURVE('',#544,#545,#182,.T.);
#669=EDGE_CURVE('',#545,#546,#183,.T.);
#670=EDGE_CURVE('',#543,#546,#184,.T.);
#671=EDGE_CURVE('',#547,#548,#185,.T.);
#672=EDGE_CURVE('',#549,#548,#186,.T.);
#673=EDGE_CURVE('',#543,#549,#187,.T.);
#674=EDGE_CURVE('',#550,#546,#188,.T.);
#675=EDGE_CURVE('',#551,#550,#189,.T.);
#676=EDGE_CURVE('',#547,#551,#190,.T.);
#677=EDGE_CURVE('',#552,#553,#191,.T.);
#678=EDGE_CURVE('',#554,#552,#192,.T.);
#679=EDGE_CURVE('',#554,#555,#193,.F.);
#680=EDGE_CURVE('',#556,#555,#194,.T.);
#681=EDGE_CURVE('',#545,#556,#195,.T.);
#682=EDGE_CURVE('',#544,#553,#196,.F.);
#683=EDGE_CURVE('',#553,#549,#197,.T.);
#684=EDGE_CURVE('',#557,#558,#198,.T.);
#685=EDGE_CURVE('',#559,#557,#25,.T.);
#686=EDGE_CURVE('',#560,#559,#199,.T.);
#687=EDGE_CURVE('',#561,#560,#26,.T.);
#688=EDGE_CURVE('',#562,#561,#200,.T.);
#689=EDGE_CURVE('',#563,#562,#27,.T.);
#690=EDGE_CURVE('',#564,#563,#201,.T.);
#691=EDGE_CURVE('',#558,#564,#28,.T.);
#692=EDGE_CURVE('',#548,#552,#202,.T.);
#693=EDGE_CURVE('',#565,#566,#203,.F.);
#694=EDGE_CURVE('',#566,#567,#204,.F.);
#695=EDGE_CURVE('',#567,#568,#205,.F.);
#696=EDGE_CURVE('',#565,#568,#206,.T.);
#697=EDGE_CURVE('',#560,#569,#207,.T.);
#698=EDGE_CURVE('',#570,#569,#29,.T.);
#699=EDGE_CURVE('',#570,#561,#208,.T.);
#700=EDGE_CURVE('',#571,#559,#209,.T.);
#701=EDGE_CURVE('',#569,#571,#210,.T.);
#702=EDGE_CURVE('',#564,#572,#211,.T.);
#703=EDGE_CURVE('',#573,#572,#30,.T.);
#704=EDGE_CURVE('',#573,#558,#212,.T.);
#705=EDGE_CURVE('',#557,#574,#213,.T.);
#706=EDGE_CURVE('',#571,#574,#31,.T.);
#707=EDGE_CURVE('',#568,#575,#214,.T.);
#708=EDGE_CURVE('',#575,#576,#215,.F.);
#709=EDGE_CURVE('',#565,#576,#216,.T.);
#710=EDGE_CURVE('',#577,#578,#217,.F.);
#711=EDGE_CURVE('',#579,#577,#218,.F.);
#712=EDGE_CURVE('',#579,#580,#219,.T.);
#713=EDGE_CURVE('',#581,#580,#220,.T.);
#714=EDGE_CURVE('',#582,#581,#221,.T.);
#715=EDGE_CURVE('',#582,#583,#222,.F.);
#716=EDGE_CURVE('',#583,#584,#223,.T.);
#717=EDGE_CURVE('',#585,#584,#224,.T.);
#718=EDGE_CURVE('',#578,#585,#225,.T.);
#719=EDGE_CURVE('',#586,#585,#226,.T.);
#720=EDGE_CURVE('',#587,#585,#227,.T.);
#721=EDGE_CURVE('',#587,#588,#228,.T.);
#722=EDGE_CURVE('',#588,#586,#229,.F.);
#723=EDGE_CURVE('',#584,#589,#230,.T.);
#724=EDGE_CURVE('',#590,#589,#231,.T.);
#725=EDGE_CURVE('',#590,#587,#232,.T.);
#726=EDGE_CURVE('',#591,#592,#233,.T.);
#727=EDGE_CURVE('',#592,#593,#234,.F.);
#728=EDGE_CURVE('',#593,#594,#235,.T.);
#729=EDGE_CURVE('',#591,#594,#236,.T.);
#730=EDGE_CURVE('',#595,#596,#237,.T.);
#731=EDGE_CURVE('',#596,#597,#238,.T.);
#732=EDGE_CURVE('',#597,#598,#239,.F.);
#733=EDGE_CURVE('',#598,#595,#240,.T.);
#734=EDGE_CURVE('',#596,#591,#241,.T.);
#735=EDGE_CURVE('',#599,#591,#242,.T.);
#736=EDGE_CURVE('',#599,#600,#243,.T.);
#737=EDGE_CURVE('',#600,#601,#244,.F.);
#738=EDGE_CURVE('',#602,#601,#245,.F.);
#739=EDGE_CURVE('',#602,#603,#246,.T.);
#740=EDGE_CURVE('',#604,#603,#247,.T.);
#741=EDGE_CURVE('',#605,#604,#248,.T.);
#742=EDGE_CURVE('',#606,#605,#249,.T.);
#743=EDGE_CURVE('',#597,#606,#250,.F.);
#744=EDGE_CURVE('',#607,#608,#251,.T.);
#745=EDGE_CURVE('',#608,#609,#252,.T.);
#746=EDGE_CURVE('',#609,#610,#253,.T.);
#747=EDGE_CURVE('',#610,#607,#254,.T.);
#748=EDGE_CURVE('',#611,#610,#255,.T.);
#749=EDGE_CURVE('',#611,#612,#256,.T.);
#750=EDGE_CURVE('',#612,#613,#257,.T.);
#751=EDGE_CURVE('',#613,#614,#258,.T.);
#752=EDGE_CURVE('',#614,#589,#259,.T.);
#753=EDGE_CURVE('',#607,#589,#260,.T.);
#754=EDGE_CURVE('',#609,#615,#261,.T.);
#755=EDGE_CURVE('',#615,#582,#262,.T.);
#756=EDGE_CURVE('',#581,#616,#263,.T.);
#757=EDGE_CURVE('',#616,#617,#264,.T.);
#758=EDGE_CURVE('',#617,#611,#265,.T.);
#759=EDGE_CURVE('',#618,#619,#266,.T.);
#760=EDGE_CURVE('',#619,#620,#267,.T.);
#761=EDGE_CURVE('',#620,#621,#268,.T.);
#762=EDGE_CURVE('',#621,#618,#269,.T.);
#763=EDGE_CURVE('',#622,#619,#270,.T.);
#764=EDGE_CURVE('',#622,#623,#271,.T.);
#765=EDGE_CURVE('',#623,#624,#272,.T.);
#766=EDGE_CURVE('',#624,#620,#273,.T.);
#767=EDGE_CURVE('',#618,#602,#274,.T.);
#768=EDGE_CURVE('',#601,#622,#275,.T.);
#769=EDGE_CURVE('',#625,#626,#276,.T.);
#770=EDGE_CURVE('',#626,#604,#277,.T.);
#771=EDGE_CURVE('',#603,#627,#278,.T.);
#772=EDGE_CURVE('',#627,#625,#279,.T.);
#773=EDGE_CURVE('',#616,#626,#280,.T.);
#774=EDGE_CURVE('',#628,#580,#281,.T.);
#775=EDGE_CURVE('',#628,#629,#282,.T.);
#776=EDGE_CURVE('',#605,#629,#283,.T.);
#777=EDGE_CURVE('',#630,#625,#284,.T.);
#778=EDGE_CURVE('',#630,#631,#285,.T.);
#779=EDGE_CURVE('',#631,#617,#286,.T.);
#780=EDGE_CURVE('',#623,#600,#287,.F.);
#781=EDGE_CURVE('',#631,#632,#288,.T.);
#782=EDGE_CURVE('',#632,#633,#289,.T.);
#783=EDGE_CURVE('',#633,#612,#290,.T.);
#784=EDGE_CURVE('',#570,#634,#291,.T.);
#785=EDGE_CURVE('',#634,#635,#292,.T.);
#786=EDGE_CURVE('',#635,#636,#293,.T.);
#787=EDGE_CURVE('',#636,#570,#294,.T.);
#788=EDGE_CURVE('',#569,#637,#295,.T.);
#789=EDGE_CURVE('',#637,#634,#32,.T.);
#790=EDGE_CURVE('',#571,#638,#296,.T.);
#791=EDGE_CURVE('',#638,#637,#297,.T.);
#792=EDGE_CURVE('',#574,#639,#298,.T.);
#793=EDGE_CURVE('',#639,#638,#33,.T.);
#794=EDGE_CURVE('',#573,#640,#299,.T.);
#795=EDGE_CURVE('',#640,#639,#300,.T.);
#796=EDGE_CURVE('',#574,#573,#301,.T.);
#797=EDGE_CURVE('',#572,#641,#302,.T.);
#798=EDGE_CURVE('',#641,#640,#34,.T.);
#799=EDGE_CURVE('',#642,#643,#303,.T.);
#800=EDGE_CURVE('',#643,#641,#304,.T.);
#801=EDGE_CURVE('',#572,#642,#305,.T.);
#802=EDGE_CURVE('',#642,#636,#35,.T.);
#803=EDGE_CURVE('',#635,#643,#36,.T.);
#804=EDGE_CURVE('',#562,#636,#306,.T.);
#805=EDGE_CURVE('',#642,#563,#307,.T.);
#806=EDGE_CURVE('',#547,#644,#308,.F.);
#807=EDGE_CURVE('',#644,#595,#309,.F.);
#808=EDGE_CURVE('',#598,#567,#310,.F.);
#809=EDGE_CURVE('',#566,#645,#311,.F.);
#810=EDGE_CURVE('',#646,#645,#312,.T.);
#811=EDGE_CURVE('',#646,#647,#313,.F.);
#812=EDGE_CURVE('',#647,#554,#314,.F.);
#813=EDGE_CURVE('',#648,#575,#315,.F.);
#814=EDGE_CURVE('',#629,#648,#316,.F.);
#815=EDGE_CURVE('',#649,#628,#317,.F.);
#816=EDGE_CURVE('',#649,#576,#318,.T.);
#817=EDGE_CURVE('',#578,#646,#319,.T.);
#818=EDGE_CURVE('',#645,#577,#320,.F.);
#819=EDGE_CURVE('',#579,#649,#321,.T.);
#820=EDGE_CURVE('',#647,#586,#322,.F.);
#821=EDGE_CURVE('',#650,#651,#323,.T.);
#822=EDGE_CURVE('',#650,#652,#324,.T.);
#823=EDGE_CURVE('',#633,#652,#325,.T.);
#824=EDGE_CURVE('',#632,#653,#326,.T.);
#825=EDGE_CURVE('',#651,#653,#327,.T.);
#826=EDGE_CURVE('',#627,#654,#328,.T.);
#827=EDGE_CURVE('',#651,#654,#329,.T.);
#828=EDGE_CURVE('',#653,#630,#330,.T.);
#829=EDGE_CURVE('',#654,#655,#331,.T.);
#830=EDGE_CURVE('',#655,#656,#332,.T.);
#831=EDGE_CURVE('',#656,#657,#333,.T.);
#832=EDGE_CURVE('',#657,#650,#334,.T.);
#833=EDGE_CURVE('',#652,#658,#335,.T.);
#834=EDGE_CURVE('',#658,#659,#336,.T.);
#835=EDGE_CURVE('',#659,#613,#337,.T.);
#836=EDGE_CURVE('',#550,#657,#338,.T.);
#837=EDGE_CURVE('',#656,#551,#339,.T.);
#838=EDGE_CURVE('',#655,#660,#340,.T.);
#839=EDGE_CURVE('',#660,#661,#341,.T.);
#840=EDGE_CURVE('',#593,#661,#342,.T.);
#841=EDGE_CURVE('',#644,#592,#343,.T.);
#842=EDGE_CURVE('',#662,#661,#344,.T.);
#843=EDGE_CURVE('',#594,#662,#345,.T.);
#844=EDGE_CURVE('',#663,#590,#346,.T.);
#845=EDGE_CURVE('',#663,#588,#347,.T.);
#846=EDGE_CURVE('',#648,#606,#348,.T.);
#847=EDGE_CURVE('',#555,#659,#349,.T.);
#848=EDGE_CURVE('',#658,#556,#350,.T.);
#849=EDGE_CURVE('',#664,#662,#351,.T.);
#850=EDGE_CURVE('',#664,#599,#352,.T.);
#851=EDGE_CURVE('',#660,#664,#353,.T.);
#852=EDGE_CURVE('',#621,#664,#354,.T.);
#853=EDGE_CURVE('',#665,#615,#355,.T.);
#854=EDGE_CURVE('',#665,#583,#356,.T.);
#855=EDGE_CURVE('',#666,#584,#357,.T.);
#856=EDGE_CURVE('',#608,#666,#358,.T.);
#857=EDGE_CURVE('',#666,#665,#359,.T.);
#858=EDGE_CURVE('',#624,#599,#360,.T.);
#859=EDGE_CURVE('',#614,#663,#361,.F.);
#860=ORIENTED_EDGE('',*,*,#667,.T.);
#861=ORIENTED_EDGE('',*,*,#668,.T.);
#862=ORIENTED_EDGE('',*,*,#669,.T.);
#863=ORIENTED_EDGE('',*,*,#670,.F.);
#864=ORIENTED_EDGE('',*,*,#671,.T.);
#865=ORIENTED_EDGE('',*,*,#672,.F.);
#866=ORIENTED_EDGE('',*,*,#673,.F.);
#867=ORIENTED_EDGE('',*,*,#670,.T.);
#868=ORIENTED_EDGE('',*,*,#674,.F.);
#869=ORIENTED_EDGE('',*,*,#675,.F.);
#870=ORIENTED_EDGE('',*,*,#676,.F.);
#871=ORIENTED_EDGE('',*,*,#677,.F.);
#872=ORIENTED_EDGE('',*,*,#678,.F.);
#873=ORIENTED_EDGE('',*,*,#679,.T.);
#874=ORIENTED_EDGE('',*,*,#680,.F.);
#875=ORIENTED_EDGE('',*,*,#681,.F.);
#876=ORIENTED_EDGE('',*,*,#668,.F.);
#877=ORIENTED_EDGE('',*,*,#682,.T.);
#878=ORIENTED_EDGE('',*,*,#667,.F.);
#879=ORIENTED_EDGE('',*,*,#673,.T.);
#880=ORIENTED_EDGE('',*,*,#683,.F.);
#881=ORIENTED_EDGE('',*,*,#682,.F.);
#882=ORIENTED_EDGE('',*,*,#684,.F.);
#883=ORIENTED_EDGE('',*,*,#685,.F.);
#884=ORIENTED_EDGE('',*,*,#686,.F.);
#885=ORIENTED_EDGE('',*,*,#687,.F.);
#886=ORIENTED_EDGE('',*,*,#688,.F.);
#887=ORIENTED_EDGE('',*,*,#689,.F.);
#888=ORIENTED_EDGE('',*,*,#690,.F.);
#889=ORIENTED_EDGE('',*,*,#691,.F.);
#890=ORIENTED_EDGE('',*,*,#677,.T.);
#891=ORIENTED_EDGE('',*,*,#683,.T.);
#892=ORIENTED_EDGE('',*,*,#672,.T.);
#893=ORIENTED_EDGE('',*,*,#692,.T.);
#894=ORIENTED_EDGE('',*,*,#693,.T.);
#895=ORIENTED_EDGE('',*,*,#694,.T.);
#896=ORIENTED_EDGE('',*,*,#695,.T.);
#897=ORIENTED_EDGE('',*,*,#696,.F.);
#898=ORIENTED_EDGE('',*,*,#687,.T.);
#899=ORIENTED_EDGE('',*,*,#697,.T.);
#900=ORIENTED_EDGE('',*,*,#698,.F.);
#901=ORIENTED_EDGE('',*,*,#699,.T.);
#902=ORIENTED_EDGE('',*,*,#686,.T.);
#903=ORIENTED_EDGE('',*,*,#700,.F.);
#904=ORIENTED_EDGE('',*,*,#701,.F.);
#905=ORIENTED_EDGE('',*,*,#697,.F.);
#906=ORIENTED_EDGE('',*,*,#691,.T.);
#907=ORIENTED_EDGE('',*,*,#702,.T.);
#908=ORIENTED_EDGE('',*,*,#703,.F.);
#909=ORIENTED_EDGE('',*,*,#704,.T.);
#910=ORIENTED_EDGE('',*,*,#685,.T.);
#911=ORIENTED_EDGE('',*,*,#705,.T.);
#912=ORIENTED_EDGE('',*,*,#706,.F.);
#913=ORIENTED_EDGE('',*,*,#700,.T.);
#914=ORIENTED_EDGE('',*,*,#696,.T.);
#915=ORIENTED_EDGE('',*,*,#707,.T.);
#916=ORIENTED_EDGE('',*,*,#708,.T.);
#917=ORIENTED_EDGE('',*,*,#709,.F.);
#918=ORIENTED_EDGE('',*,*,#710,.F.);
#919=ORIENTED_EDGE('',*,*,#711,.F.);
#920=ORIENTED_EDGE('',*,*,#712,.T.);
#921=ORIENTED_EDGE('',*,*,#713,.F.);
#922=ORIENTED_EDGE('',*,*,#714,.F.);
#923=ORIENTED_EDGE('',*,*,#715,.T.);
#924=ORIENTED_EDGE('',*,*,#716,.T.);
#925=ORIENTED_EDGE('',*,*,#717,.F.);
#926=ORIENTED_EDGE('',*,*,#718,.F.);
#927=ORIENTED_EDGE('',*,*,#719,.T.);
#928=ORIENTED_EDGE('',*,*,#720,.F.);
#929=ORIENTED_EDGE('',*,*,#721,.T.);
#930=ORIENTED_EDGE('',*,*,#722,.T.);
#931=ORIENTED_EDGE('',*,*,#717,.T.);
#932=ORIENTED_EDGE('',*,*,#723,.T.);
#933=ORIENTED_EDGE('',*,*,#724,.F.);
#934=ORIENTED_EDGE('',*,*,#725,.T.);
#935=ORIENTED_EDGE('',*,*,#720,.T.);
#936=ORIENTED_EDGE('',*,*,#726,.T.);
#937=ORIENTED_EDGE('',*,*,#727,.T.);
#938=ORIENTED_EDGE('',*,*,#728,.T.);
#939=ORIENTED_EDGE('',*,*,#729,.F.);
#940=ORIENTED_EDGE('',*,*,#730,.T.);
#941=ORIENTED_EDGE('',*,*,#731,.T.);
#942=ORIENTED_EDGE('',*,*,#732,.T.);
#943=ORIENTED_EDGE('',*,*,#733,.T.);
#944=ORIENTED_EDGE('',*,*,#734,.T.);
#945=ORIENTED_EDGE('',*,*,#735,.F.);
#946=ORIENTED_EDGE('',*,*,#736,.T.);
#947=ORIENTED_EDGE('',*,*,#737,.T.);
#948=ORIENTED_EDGE('',*,*,#738,.F.);
#949=ORIENTED_EDGE('',*,*,#739,.T.);
#950=ORIENTED_EDGE('',*,*,#740,.F.);
#951=ORIENTED_EDGE('',*,*,#741,.F.);
#952=ORIENTED_EDGE('',*,*,#742,.F.);
#953=ORIENTED_EDGE('',*,*,#743,.F.);
#954=ORIENTED_EDGE('',*,*,#731,.F.);
#955=ORIENTED_EDGE('',*,*,#744,.T.);
#956=ORIENTED_EDGE('',*,*,#745,.T.);
#957=ORIENTED_EDGE('',*,*,#746,.T.);
#958=ORIENTED_EDGE('',*,*,#747,.T.);
#959=ORIENTED_EDGE('',*,*,#747,.F.);
#960=ORIENTED_EDGE('',*,*,#748,.F.);
#961=ORIENTED_EDGE('',*,*,#749,.T.);
#962=ORIENTED_EDGE('',*,*,#750,.T.);
#963=ORIENTED_EDGE('',*,*,#751,.T.);
#964=ORIENTED_EDGE('',*,*,#752,.T.);
#965=ORIENTED_EDGE('',*,*,#753,.F.);
#966=ORIENTED_EDGE('',*,*,#746,.F.);
#967=ORIENTED_EDGE('',*,*,#754,.T.);
#968=ORIENTED_EDGE('',*,*,#755,.T.);
#969=ORIENTED_EDGE('',*,*,#714,.T.);
#970=ORIENTED_EDGE('',*,*,#756,.T.);
#971=ORIENTED_EDGE('',*,*,#757,.T.);
#972=ORIENTED_EDGE('',*,*,#758,.T.);
#973=ORIENTED_EDGE('',*,*,#748,.T.);
#974=ORIENTED_EDGE('',*,*,#759,.T.);
#975=ORIENTED_EDGE('',*,*,#760,.T.);
#976=ORIENTED_EDGE('',*,*,#761,.T.);
#977=ORIENTED_EDGE('',*,*,#762,.T.);
#978=ORIENTED_EDGE('',*,*,#760,.F.);
#979=ORIENTED_EDGE('',*,*,#763,.F.);
#980=ORIENTED_EDGE('',*,*,#764,.T.);
#981=ORIENTED_EDGE('',*,*,#765,.T.);
#982=ORIENTED_EDGE('',*,*,#766,.T.);
#983=ORIENTED_EDGE('',*,*,#759,.F.);
#984=ORIENTED_EDGE('',*,*,#767,.T.);
#985=ORIENTED_EDGE('',*,*,#738,.T.);
#986=ORIENTED_EDGE('',*,*,#768,.T.);
#987=ORIENTED_EDGE('',*,*,#763,.T.);
#988=ORIENTED_EDGE('',*,*,#769,.T.);
#989=ORIENTED_EDGE('',*,*,#770,.T.);
#990=ORIENTED_EDGE('',*,*,#740,.T.);
#991=ORIENTED_EDGE('',*,*,#771,.T.);
#992=ORIENTED_EDGE('',*,*,#772,.T.);
#993=ORIENTED_EDGE('',*,*,#770,.F.);
#994=ORIENTED_EDGE('',*,*,#773,.F.);
#995=ORIENTED_EDGE('',*,*,#756,.F.);
#996=ORIENTED_EDGE('',*,*,#713,.T.);
#997=ORIENTED_EDGE('',*,*,#774,.F.);
#998=ORIENTED_EDGE('',*,*,#775,.T.);
#999=ORIENTED_EDGE('',*,*,#776,.F.);
#1000=ORIENTED_EDGE('',*,*,#741,.T.);
#1001=ORIENTED_EDGE('',*,*,#769,.F.);
#1002=ORIENTED_EDGE('',*,*,#777,.F.);
#1003=ORIENTED_EDGE('',*,*,#778,.T.);
#1004=ORIENTED_EDGE('',*,*,#779,.T.);
#1005=ORIENTED_EDGE('',*,*,#757,.F.);
#1006=ORIENTED_EDGE('',*,*,#773,.T.);
#1007=ORIENTED_EDGE('',*,*,#768,.F.);
#1008=ORIENTED_EDGE('',*,*,#737,.F.);
#1009=ORIENTED_EDGE('',*,*,#780,.F.);
#1010=ORIENTED_EDGE('',*,*,#764,.F.);
#1011=ORIENTED_EDGE('',*,*,#758,.F.);
#1012=ORIENTED_EDGE('',*,*,#779,.F.);
#1013=ORIENTED_EDGE('',*,*,#781,.T.);
#1014=ORIENTED_EDGE('',*,*,#782,.T.);
#1015=ORIENTED_EDGE('',*,*,#783,.T.);
#1016=ORIENTED_EDGE('',*,*,#749,.F.);
#1017=ORIENTED_EDGE('',*,*,#784,.T.);
#1018=ORIENTED_EDGE('',*,*,#785,.T.);
#1019=ORIENTED_EDGE('',*,*,#786,.T.);
#1020=ORIENTED_EDGE('',*,*,#787,.T.);
#1021=ORIENTED_EDGE('',*,*,#784,.F.);
#1022=ORIENTED_EDGE('',*,*,#698,.T.);
#1023=ORIENTED_EDGE('',*,*,#788,.T.);
#1024=ORIENTED_EDGE('',*,*,#789,.T.);
#1025=ORIENTED_EDGE('',*,*,#790,.T.);
#1026=ORIENTED_EDGE('',*,*,#791,.T.);
#1027=ORIENTED_EDGE('',*,*,#788,.F.);
#1028=ORIENTED_EDGE('',*,*,#701,.T.);
#1029=ORIENTED_EDGE('',*,*,#790,.F.);
#1030=ORIENTED_EDGE('',*,*,#706,.T.);
#1031=ORIENTED_EDGE('',*,*,#792,.T.);
#1032=ORIENTED_EDGE('',*,*,#793,.T.);
#1033=ORIENTED_EDGE('',*,*,#794,.T.);
#1034=ORIENTED_EDGE('',*,*,#795,.T.);
#1035=ORIENTED_EDGE('',*,*,#792,.F.);
#1036=ORIENTED_EDGE('',*,*,#796,.T.);
#1037=ORIENTED_EDGE('',*,*,#794,.F.);
#1038=ORIENTED_EDGE('',*,*,#703,.T.);
#1039=ORIENTED_EDGE('',*,*,#797,.T.);
#1040=ORIENTED_EDGE('',*,*,#798,.T.);
#1041=ORIENTED_EDGE('',*,*,#799,.T.);
#1042=ORIENTED_EDGE('',*,*,#800,.T.);
#1043=ORIENTED_EDGE('',*,*,#797,.F.);
#1044=ORIENTED_EDGE('',*,*,#801,.T.);
#1045=ORIENTED_EDGE('',*,*,#799,.F.);
#1046=ORIENTED_EDGE('',*,*,#802,.T.);
#1047=ORIENTED_EDGE('',*,*,#786,.F.);
#1048=ORIENTED_EDGE('',*,*,#803,.T.);
#1049=ORIENTED_EDGE('',*,*,#688,.T.);
#1050=ORIENTED_EDGE('',*,*,#699,.F.);
#1051=ORIENTED_EDGE('',*,*,#787,.F.);
#1052=ORIENTED_EDGE('',*,*,#804,.F.);
#1053=ORIENTED_EDGE('',*,*,#684,.T.);
#1054=ORIENTED_EDGE('',*,*,#704,.F.);
#1055=ORIENTED_EDGE('',*,*,#796,.F.);
#1056=ORIENTED_EDGE('',*,*,#705,.F.);
#1057=ORIENTED_EDGE('',*,*,#689,.T.);
#1058=ORIENTED_EDGE('',*,*,#804,.T.);
#1059=ORIENTED_EDGE('',*,*,#802,.F.);
#1060=ORIENTED_EDGE('',*,*,#805,.T.);
#1061=ORIENTED_EDGE('',*,*,#690,.T.);
#1062=ORIENTED_EDGE('',*,*,#805,.F.);
#1063=ORIENTED_EDGE('',*,*,#801,.F.);
#1064=ORIENTED_EDGE('',*,*,#702,.F.);
#1065=ORIENTED_EDGE('',*,*,#678,.T.);
#1066=ORIENTED_EDGE('',*,*,#692,.F.);
#1067=ORIENTED_EDGE('',*,*,#671,.F.);
#1068=ORIENTED_EDGE('',*,*,#806,.T.);
#1069=ORIENTED_EDGE('',*,*,#807,.T.);
#1070=ORIENTED_EDGE('',*,*,#733,.F.);
#1071=ORIENTED_EDGE('',*,*,#808,.T.);
#1072=ORIENTED_EDGE('',*,*,#694,.F.);
#1073=ORIENTED_EDGE('',*,*,#809,.T.);
#1074=ORIENTED_EDGE('',*,*,#810,.F.);
#1075=ORIENTED_EDGE('',*,*,#811,.T.);
#1076=ORIENTED_EDGE('',*,*,#812,.T.);
#1077=ORIENTED_EDGE('',*,*,#708,.F.);
#1078=ORIENTED_EDGE('',*,*,#813,.F.);
#1079=ORIENTED_EDGE('',*,*,#814,.F.);
#1080=ORIENTED_EDGE('',*,*,#775,.F.);
#1081=ORIENTED_EDGE('',*,*,#815,.F.);
#1082=ORIENTED_EDGE('',*,*,#816,.T.);
#1083=ORIENTED_EDGE('',*,*,#817,.T.);
#1084=ORIENTED_EDGE('',*,*,#810,.T.);
#1085=ORIENTED_EDGE('',*,*,#818,.T.);
#1086=ORIENTED_EDGE('',*,*,#710,.T.);
#1087=ORIENTED_EDGE('',*,*,#819,.F.);
#1088=ORIENTED_EDGE('',*,*,#711,.T.);
#1089=ORIENTED_EDGE('',*,*,#818,.F.);
#1090=ORIENTED_EDGE('',*,*,#809,.F.);
#1091=ORIENTED_EDGE('',*,*,#693,.F.);
#1092=ORIENTED_EDGE('',*,*,#709,.T.);
#1093=ORIENTED_EDGE('',*,*,#816,.F.);
#1094=ORIENTED_EDGE('',*,*,#820,.F.);
#1095=ORIENTED_EDGE('',*,*,#811,.F.);
#1096=ORIENTED_EDGE('',*,*,#817,.F.);
#1097=ORIENTED_EDGE('',*,*,#718,.T.);
#1098=ORIENTED_EDGE('',*,*,#719,.F.);
#1099=ORIENTED_EDGE('',*,*,#821,.F.);
#1100=ORIENTED_EDGE('',*,*,#822,.T.);
#1101=ORIENTED_EDGE('',*,*,#823,.F.);
#1102=ORIENTED_EDGE('',*,*,#782,.F.);
#1103=ORIENTED_EDGE('',*,*,#824,.T.);
#1104=ORIENTED_EDGE('',*,*,#825,.F.);
#1105=ORIENTED_EDGE('',*,*,#772,.F.);
#1106=ORIENTED_EDGE('',*,*,#826,.T.);
#1107=ORIENTED_EDGE('',*,*,#827,.F.);
#1108=ORIENTED_EDGE('',*,*,#825,.T.);
#1109=ORIENTED_EDGE('',*,*,#828,.T.);
#1110=ORIENTED_EDGE('',*,*,#777,.T.);
#1111=ORIENTED_EDGE('',*,*,#827,.T.);
#1112=ORIENTED_EDGE('',*,*,#829,.T.);
#1113=ORIENTED_EDGE('',*,*,#830,.T.);
#1114=ORIENTED_EDGE('',*,*,#831,.T.);
#1115=ORIENTED_EDGE('',*,*,#832,.T.);
#1116=ORIENTED_EDGE('',*,*,#821,.T.);
#1117=ORIENTED_EDGE('',*,*,#750,.F.);
#1118=ORIENTED_EDGE('',*,*,#783,.F.);
#1119=ORIENTED_EDGE('',*,*,#823,.T.);
#1120=ORIENTED_EDGE('',*,*,#833,.T.);
#1121=ORIENTED_EDGE('',*,*,#834,.T.);
#1122=ORIENTED_EDGE('',*,*,#835,.T.);
#1123=ORIENTED_EDGE('',*,*,#675,.T.);
#1124=ORIENTED_EDGE('',*,*,#836,.T.);
#1125=ORIENTED_EDGE('',*,*,#831,.F.);
#1126=ORIENTED_EDGE('',*,*,#837,.T.);
#1127=ORIENTED_EDGE('',*,*,#676,.T.);
#1128=ORIENTED_EDGE('',*,*,#837,.F.);
#1129=ORIENTED_EDGE('',*,*,#830,.F.);
#1130=ORIENTED_EDGE('',*,*,#838,.T.);
#1131=ORIENTED_EDGE('',*,*,#839,.T.);
#1132=ORIENTED_EDGE('',*,*,#840,.F.);
#1133=ORIENTED_EDGE('',*,*,#727,.F.);
#1134=ORIENTED_EDGE('',*,*,#841,.F.);
#1135=ORIENTED_EDGE('',*,*,#806,.F.);
#1136=ORIENTED_EDGE('',*,*,#726,.F.);
#1137=ORIENTED_EDGE('',*,*,#734,.F.);
#1138=ORIENTED_EDGE('',*,*,#730,.F.);
#1139=ORIENTED_EDGE('',*,*,#807,.F.);
#1140=ORIENTED_EDGE('',*,*,#841,.T.);
#1141=ORIENTED_EDGE('',*,*,#842,.F.);
#1142=ORIENTED_EDGE('',*,*,#843,.F.);
#1143=ORIENTED_EDGE('',*,*,#728,.F.);
#1144=ORIENTED_EDGE('',*,*,#840,.T.);
#1145=ORIENTED_EDGE('',*,*,#844,.F.);
#1146=ORIENTED_EDGE('',*,*,#845,.T.);
#1147=ORIENTED_EDGE('',*,*,#721,.F.);
#1148=ORIENTED_EDGE('',*,*,#725,.F.);
#1149=ORIENTED_EDGE('',*,*,#695,.F.);
#1150=ORIENTED_EDGE('',*,*,#808,.F.);
#1151=ORIENTED_EDGE('',*,*,#732,.F.);
#1152=ORIENTED_EDGE('',*,*,#743,.T.);
#1153=ORIENTED_EDGE('',*,*,#846,.F.);
#1154=ORIENTED_EDGE('',*,*,#813,.T.);
#1155=ORIENTED_EDGE('',*,*,#707,.F.);
#1156=ORIENTED_EDGE('',*,*,#680,.T.);
#1157=ORIENTED_EDGE('',*,*,#847,.T.);
#1158=ORIENTED_EDGE('',*,*,#834,.F.);
#1159=ORIENTED_EDGE('',*,*,#848,.T.);
#1160=ORIENTED_EDGE('',*,*,#681,.T.);
#1161=ORIENTED_EDGE('',*,*,#848,.F.);
#1162=ORIENTED_EDGE('',*,*,#833,.F.);
#1163=ORIENTED_EDGE('',*,*,#822,.F.);
#1164=ORIENTED_EDGE('',*,*,#832,.F.);
#1165=ORIENTED_EDGE('',*,*,#836,.F.);
#1166=ORIENTED_EDGE('',*,*,#674,.T.);
#1167=ORIENTED_EDGE('',*,*,#669,.F.);
#1168=ORIENTED_EDGE('',*,*,#729,.T.);
#1169=ORIENTED_EDGE('',*,*,#843,.T.);
#1170=ORIENTED_EDGE('',*,*,#849,.F.);
#1171=ORIENTED_EDGE('',*,*,#850,.T.);
#1172=ORIENTED_EDGE('',*,*,#735,.T.);
#1173=ORIENTED_EDGE('',*,*,#851,.T.);
#1174=ORIENTED_EDGE('',*,*,#849,.T.);
#1175=ORIENTED_EDGE('',*,*,#842,.T.);
#1176=ORIENTED_EDGE('',*,*,#839,.F.);
#1177=ORIENTED_EDGE('',*,*,#762,.F.);
#1178=ORIENTED_EDGE('',*,*,#852,.T.);
#1179=ORIENTED_EDGE('',*,*,#851,.F.);
#1180=ORIENTED_EDGE('',*,*,#838,.F.);
#1181=ORIENTED_EDGE('',*,*,#829,.F.);
#1182=ORIENTED_EDGE('',*,*,#826,.F.);
#1183=ORIENTED_EDGE('',*,*,#771,.F.);
#1184=ORIENTED_EDGE('',*,*,#739,.F.);
#1185=ORIENTED_EDGE('',*,*,#767,.F.);
#1186=ORIENTED_EDGE('',*,*,#755,.F.);
#1187=ORIENTED_EDGE('',*,*,#853,.F.);
#1188=ORIENTED_EDGE('',*,*,#854,.T.);
#1189=ORIENTED_EDGE('',*,*,#715,.F.);
#1190=ORIENTED_EDGE('',*,*,#744,.F.);
#1191=ORIENTED_EDGE('',*,*,#753,.T.);
#1192=ORIENTED_EDGE('',*,*,#723,.F.);
#1193=ORIENTED_EDGE('',*,*,#855,.F.);
#1194=ORIENTED_EDGE('',*,*,#856,.F.);
#1195=ORIENTED_EDGE('',*,*,#855,.T.);
#1196=ORIENTED_EDGE('',*,*,#716,.F.);
#1197=ORIENTED_EDGE('',*,*,#854,.F.);
#1198=ORIENTED_EDGE('',*,*,#857,.F.);
#1199=ORIENTED_EDGE('',*,*,#745,.F.);
#1200=ORIENTED_EDGE('',*,*,#856,.T.);
#1201=ORIENTED_EDGE('',*,*,#857,.T.);
#1202=ORIENTED_EDGE('',*,*,#853,.T.);
#1203=ORIENTED_EDGE('',*,*,#754,.F.);
#1204=ORIENTED_EDGE('',*,*,#780,.T.);
#1205=ORIENTED_EDGE('',*,*,#736,.F.);
#1206=ORIENTED_EDGE('',*,*,#858,.F.);
#1207=ORIENTED_EDGE('',*,*,#765,.F.);
#1208=ORIENTED_EDGE('',*,*,#761,.F.);
#1209=ORIENTED_EDGE('',*,*,#766,.F.);
#1210=ORIENTED_EDGE('',*,*,#858,.T.);
#1211=ORIENTED_EDGE('',*,*,#850,.F.);
#1212=ORIENTED_EDGE('',*,*,#852,.F.);
#1213=ORIENTED_EDGE('',*,*,#742,.T.);
#1214=ORIENTED_EDGE('',*,*,#776,.T.);
#1215=ORIENTED_EDGE('',*,*,#814,.T.);
#1216=ORIENTED_EDGE('',*,*,#846,.T.);
#1217=ORIENTED_EDGE('',*,*,#712,.F.);
#1218=ORIENTED_EDGE('',*,*,#819,.T.);
#1219=ORIENTED_EDGE('',*,*,#815,.T.);
#1220=ORIENTED_EDGE('',*,*,#774,.T.);
#1221=ORIENTED_EDGE('',*,*,#781,.F.);
#1222=ORIENTED_EDGE('',*,*,#778,.F.);
#1223=ORIENTED_EDGE('',*,*,#828,.F.);
#1224=ORIENTED_EDGE('',*,*,#824,.F.);
#1225=ORIENTED_EDGE('',*,*,#785,.F.);
#1226=ORIENTED_EDGE('',*,*,#789,.F.);
#1227=ORIENTED_EDGE('',*,*,#791,.F.);
#1228=ORIENTED_EDGE('',*,*,#793,.F.);
#1229=ORIENTED_EDGE('',*,*,#795,.F.);
#1230=ORIENTED_EDGE('',*,*,#798,.F.);
#1231=ORIENTED_EDGE('',*,*,#800,.F.);
#1232=ORIENTED_EDGE('',*,*,#803,.F.);
#1233=ORIENTED_EDGE('',*,*,#751,.F.);
#1234=ORIENTED_EDGE('',*,*,#835,.F.);
#1235=ORIENTED_EDGE('',*,*,#847,.F.);
#1236=ORIENTED_EDGE('',*,*,#679,.F.);
#1237=ORIENTED_EDGE('',*,*,#812,.F.);
#1238=ORIENTED_EDGE('',*,*,#820,.T.);
#1239=ORIENTED_EDGE('',*,*,#722,.F.);
#1240=ORIENTED_EDGE('',*,*,#845,.F.);
#1241=ORIENTED_EDGE('',*,*,#859,.F.);
#1242=ORIENTED_EDGE('',*,*,#752,.F.);
#1243=ORIENTED_EDGE('',*,*,#859,.T.);
#1244=ORIENTED_EDGE('',*,*,#844,.T.);
#1245=ORIENTED_EDGE('',*,*,#724,.T.);
#1246=PLANE('',#1394);
#1247=PLANE('',#1395);
#1248=PLANE('',#1396);
#1249=PLANE('',#1397);
#1250=PLANE('',#1398);
#1251=PLANE('',#1403);
#1252=PLANE('',#1406);
#1253=PLANE('',#1411);
#1254=PLANE('',#1412);
#1255=PLANE('',#1413);
#1256=PLANE('',#1414);
#1257=PLANE('',#1415);
#1258=PLANE('',#1416);
#1259=PLANE('',#1417);
#1260=PLANE('',#1418);
#1261=PLANE('',#1419);
#1262=PLANE('',#1420);
#1263=PLANE('',#1421);
#1264=PLANE('',#1422);
#1265=PLANE('',#1423);
#1266=PLANE('',#1424);
#1267=PLANE('',#1425);
#1268=PLANE('',#1426);
#1269=PLANE('',#1427);
#1270=PLANE('',#1428);
#1271=PLANE('',#1429);
#1272=PLANE('',#1432);
#1273=PLANE('',#1435);
#1274=PLANE('',#1438);
#1275=PLANE('',#1442);
#1276=PLANE('',#1443);
#1277=PLANE('',#1445);
#1278=PLANE('',#1446);
#1279=PLANE('',#1447);
#1280=PLANE('',#1448);
#1281=PLANE('',#1449);
#1282=PLANE('',#1450);
#1283=PLANE('',#1451);
#1284=PLANE('',#1452);
#1285=PLANE('',#1453);
#1286=PLANE('',#1454);
#1287=PLANE('',#1455);
#1288=PLANE('',#1456);
#1289=PLANE('',#1457);
#1290=PLANE('',#1458);
#1291=PLANE('',#1459);
#1292=PLANE('',#1460);
#1293=PLANE('',#1461);
#1294=PLANE('',#1462);
#1295=PLANE('',#1463);
#1296=PLANE('',#1464);
#1297=PLANE('',#1465);
#1298=PLANE('',#1466);
#1299=PLANE('',#1467);
#1300=PLANE('',#1468);
#1301=PLANE('',#1469);
#1302=PLANE('',#1470);
#1303=PLANE('',#1471);
#1304=PLANE('',#1472);
#1305=PLANE('',#1473);
#1306=PLANE('',#1474);
#1307=PLANE('',#1475);
#1308=PLANE('',#1476);
#1309=ADVANCED_FACE('',(#37),#1246,.F.);
#1310=ADVANCED_FACE('',(#38),#1247,.F.);
#1311=ADVANCED_FACE('',(#39),#1248,.F.);
#1312=ADVANCED_FACE('',(#40),#1249,.F.);
#1313=ADVANCED_FACE('',(#41,#23),#1250,.T.);
#1314=ADVANCED_FACE('',(#42),#1251,.F.);
#1315=ADVANCED_FACE('',(#43),#19,.F.);
#1316=ADVANCED_FACE('',(#44),#1252,.F.);
#1317=ADVANCED_FACE('',(#45),#20,.F.);
#1318=ADVANCED_FACE('',(#46),#21,.F.);
#1319=ADVANCED_FACE('',(#47),#1253,.F.);
#1320=ADVANCED_FACE('',(#48),#1254,.T.);
#1321=ADVANCED_FACE('',(#49),#1255,.T.);
#1322=ADVANCED_FACE('',(#50),#1256,.T.);
#1323=ADVANCED_FACE('',(#51),#1257,.T.);
#1324=ADVANCED_FACE('',(#52),#1258,.T.);
#1325=ADVANCED_FACE('',(#53),#1259,.T.);
#1326=ADVANCED_FACE('',(#54),#1260,.T.);
#1327=ADVANCED_FACE('',(#55),#1261,.F.);
#1328=ADVANCED_FACE('',(#56),#1262,.T.);
#1329=ADVANCED_FACE('',(#57),#1263,.T.);
#1330=ADVANCED_FACE('',(#58),#1264,.T.);
#1331=ADVANCED_FACE('',(#59),#1265,.T.);
#1332=ADVANCED_FACE('',(#60),#1266,.T.);
#1333=ADVANCED_FACE('',(#61),#1267,.F.);
#1334=ADVANCED_FACE('',(#62),#1268,.T.);
#1335=ADVANCED_FACE('',(#63),#1269,.F.);
#1336=ADVANCED_FACE('',(#64),#1270,.T.);
#1337=ADVANCED_FACE('',(#65),#1271,.T.);
#1338=ADVANCED_FACE('',(#66),#15,.F.);
#1339=ADVANCED_FACE('',(#67),#1272,.T.);
#1340=ADVANCED_FACE('',(#68),#16,.F.);
#1341=ADVANCED_FACE('',(#69),#1273,.T.);
#1342=ADVANCED_FACE('',(#70),#17,.F.);
#1343=ADVANCED_FACE('',(#71),#1274,.T.);
#1344=ADVANCED_FACE('',(#72),#18,.F.);
#1345=ADVANCED_FACE('',(#73),#1275,.F.);
#1346=ADVANCED_FACE('',(#74),#1276,.F.);
#1347=ADVANCED_FACE('',(#75),#22,.F.);
#1348=ADVANCED_FACE('',(#76),#1277,.F.);
#1349=ADVANCED_FACE('',(#77),#1278,.T.);
#1350=ADVANCED_FACE('',(#78),#1279,.T.);
#1351=ADVANCED_FACE('',(#79),#1280,.T.);
#1352=ADVANCED_FACE('',(#80),#1281,.T.);
#1353=ADVANCED_FACE('',(#81),#1282,.F.);
#1354=ADVANCED_FACE('',(#82),#1283,.T.);
#1355=ADVANCED_FACE('',(#83),#1284,.T.);
#1356=ADVANCED_FACE('',(#84),#1285,.T.);
#1357=ADVANCED_FACE('',(#85),#1286,.T.);
#1358=ADVANCED_FACE('',(#86),#1287,.T.);
#1359=ADVANCED_FACE('',(#87),#1288,.T.);
#1360=ADVANCED_FACE('',(#88),#1289,.F.);
#1361=ADVANCED_FACE('',(#89),#1290,.F.);
#1362=ADVANCED_FACE('',(#90),#1291,.F.);
#1363=ADVANCED_FACE('',(#91),#1292,.T.);
#1364=ADVANCED_FACE('',(#92),#1293,.T.);
#1365=ADVANCED_FACE('',(#93),#1294,.T.);
#1366=ADVANCED_FACE('',(#94),#1295,.T.);
#1367=ADVANCED_FACE('',(#95),#1296,.T.);
#1368=ADVANCED_FACE('',(#96),#1297,.T.);
#1369=ADVANCED_FACE('',(#97),#1298,.F.);
#1370=ADVANCED_FACE('',(#98),#1299,.F.);
#1371=ADVANCED_FACE('',(#99),#1300,.F.);
#1372=ADVANCED_FACE('',(#100),#1301,.T.);
#1373=ADVANCED_FACE('',(#101),#1302,.F.);
#1374=ADVANCED_FACE('',(#102),#1303,.F.);
#1375=ADVANCED_FACE('',(#103),#1304,.T.);
#1376=ADVANCED_FACE('',(#104),#1305,.T.);
#1377=ADVANCED_FACE('',(#105,#24),#1306,.F.);
#1378=ADVANCED_FACE('',(#106),#1307,.T.);
#1379=ADVANCED_FACE('',(#107),#1308,.T.);
#1380=CLOSED_SHELL('',(#1309,#1310,#1311,#1312,#1313,#1314,#1315,#1316,
#1317,#1318,#1319,#1320,#1321,#1322,#1323,#1324,#1325,#1326,#1327,#1328,
#1329,#1330,#1331,#1332,#1333,#1334,#1335,#1336,#1337,#1338,#1339,#1340,
#1341,#1342,#1343,#1344,#1345,#1346,#1347,#1348,#1349,#1350,#1351,#1352,
#1353,#1354,#1355,#1356,#1357,#1358,#1359,#1360,#1361,#1362,#1363,#1364,
#1365,#1366,#1367,#1368,#1369,#1370,#1371,#1372,#1373,#1374,#1375,#1376,
#1377,#1378,#1379));
#1381=DERIVED_UNIT_ELEMENT(#1383,1.);
#1382=DERIVED_UNIT_ELEMENT(#2220,-3.);
#1383=(
MASS_UNIT()
NAMED_UNIT(*)
SI_UNIT(.KILO.,.GRAM.)
);
#1384=DERIVED_UNIT((#1381,#1382));
#1385=MEASURE_REPRESENTATION_ITEM('density measure',
POSITIVE_RATIO_MEASURE(8000.),#1384);
#1386=PROPERTY_DEFINITION_REPRESENTATION(#1391,#1388);
#1387=PROPERTY_DEFINITION_REPRESENTATION(#1392,#1389);
#1388=REPRESENTATION('material name',(#1390),#2217);
#1389=REPRESENTATION('density',(#1385),#2217);
#1390=DESCRIPTIVE_REPRESENTATION_ITEM('Stainless Steel',
'Stainless Steel');
#1391=PROPERTY_DEFINITION('material property','material name',#2227);
#1392=PROPERTY_DEFINITION('material property','density of part',#2227);
#1393=AXIS2_PLACEMENT_3D('',#1826,#1477,#1478);
#1394=AXIS2_PLACEMENT_3D('',#1827,#1479,#1480);
#1395=AXIS2_PLACEMENT_3D('',#1836,#1485,#1486);
#1396=AXIS2_PLACEMENT_3D('',#1848,#1493,#1494);
#1397=AXIS2_PLACEMENT_3D('',#1860,#1501,#1502);
#1398=AXIS2_PLACEMENT_3D('',#1862,#1504,#1505);
#1399=AXIS2_PLACEMENT_3D('',#1867,#1507,#1508);
#1400=AXIS2_PLACEMENT_3D('',#1871,#1510,#1511);
#1401=AXIS2_PLACEMENT_3D('',#1875,#1513,#1514);
#1402=AXIS2_PLACEMENT_3D('',#1878,#1516,#1517);
#1403=AXIS2_PLACEMENT_3D('',#1880,#1519,#1520);
#1404=AXIS2_PLACEMENT_3D('',#1889,#1525,#1526);
#1405=AXIS2_PLACEMENT_3D('',#1893,#1528,#1529);
#1406=AXIS2_PLACEMENT_3D('',#1895,#1531,#1532);
#1407=AXIS2_PLACEMENT_3D('',#1899,#1535,#1536);
#1408=AXIS2_PLACEMENT_3D('',#1903,#1538,#1539);
#1409=AXIS2_PLACEMENT_3D('',#1905,#1541,#1542);
#1410=AXIS2_PLACEMENT_3D('',#1908,#1544,#1545);
#1411=AXIS2_PLACEMENT_3D('',#1909,#1546,#1547);
#1412=AXIS2_PLACEMENT_3D('',#1915,#1551,#1552);
#1413=AXIS2_PLACEMENT_3D('',#1934,#1562,#1563);
#1414=AXIS2_PLACEMENT_3D('',#1942,#1568,#1569);
#1415=AXIS2_PLACEMENT_3D('',#1948,#1573,#1574);
#1416=AXIS2_PLACEMENT_3D('',#1957,#1579,#1580);
#1417=AXIS2_PLACEMENT_3D('',#1966,#1585,#1586);
#1418=AXIS2_PLACEMENT_3D('',#1985,#1597,#1598);
#1419=AXIS2_PLACEMENT_3D('',#1994,#1603,#1604);
#1420=AXIS2_PLACEMENT_3D('',#2005,#1611,#1612);
#1421=AXIS2_PLACEMENT_3D('',#2014,#1618,#1619);
#1422=AXIS2_PLACEMENT_3D('',#2023,#1624,#1625);
#1423=AXIS2_PLACEMENT_3D('',#2031,#1630,#1631);
#1424=AXIS2_PLACEMENT_3D('',#2034,#1634,#1635);
#1425=AXIS2_PLACEMENT_3D('',#2042,#1640,#1641);
#1426=AXIS2_PLACEMENT_3D('',#2049,#1646,#1647);
#1427=AXIS2_PLACEMENT_3D('',#2055,#1651,#1652);
#1428=AXIS2_PLACEMENT_3D('',#2057,#1654,#1655);
#1429=AXIS2_PLACEMENT_3D('',#2063,#1659,#1660);
#1430=AXIS2_PLACEMENT_3D('',#2071,#1665,#1666);
#1431=AXIS2_PLACEMENT_3D('',#2074,#1668,#1669);
#1432=AXIS2_PLACEMENT_3D('',#2075,#1670,#1671);
#1433=AXIS2_PLACEMENT_3D('',#2079,#1674,#1675);
#1434=AXIS2_PLACEMENT_3D('',#2082,#1677,#1678);
#1435=AXIS2_PLACEMENT_3D('',#2083,#1679,#1680);
#1436=AXIS2_PLACEMENT_3D('',#2088,#1684,#1685);
#1437=AXIS2_PLACEMENT_3D('',#2091,#1687,#1688);
#1438=AXIS2_PLACEMENT_3D('',#2092,#1689,#1690);
#1439=AXIS2_PLACEMENT_3D('',#2098,#1694,#1695);
#1440=AXIS2_PLACEMENT_3D('',#2099,#1696,#1697);
#1441=AXIS2_PLACEMENT_3D('',#2100,#1698,#1699);
#1442=AXIS2_PLACEMENT_3D('',#2101,#1700,#1701);
#1443=AXIS2_PLACEMENT_3D('',#2103,#1703,#1704);
#1444=AXIS2_PLACEMENT_3D('',#2104,#1705,#1706);
#1445=AXIS2_PLACEMENT_3D('',#2106,#1708,#1709);
#1446=AXIS2_PLACEMENT_3D('',#2107,#1710,#1711);
#1447=AXIS2_PLACEMENT_3D('',#2119,#1719,#1720);
#1448=AXIS2_PLACEMENT_3D('',#2126,#1725,#1726);
#1449=AXIS2_PLACEMENT_3D('',#2129,#1729,#1730);
#1450=AXIS2_PLACEMENT_3D('',#2131,#1732,#1733);
#1451=AXIS2_PLACEMENT_3D('',#2133,#1735,#1736);
#1452=AXIS2_PLACEMENT_3D('',#2143,#1742,#1743);
#1453=AXIS2_PLACEMENT_3D('',#2148,#1747,#1748);
#1454=AXIS2_PLACEMENT_3D('',#2156,#1753,#1754);
#1455=AXIS2_PLACEMENT_3D('',#2162,#1758,#1759);
#1456=AXIS2_PLACEMENT_3D('',#2165,#1762,#1763);
#1457=AXIS2_PLACEMENT_3D('',#2172,#1768,#1769);
#1458=AXIS2_PLACEMENT_3D('',#2173,#1770,#1771);
#1459=AXIS2_PLACEMENT_3D('',#2177,#1774,#1775);
#1460=AXIS2_PLACEMENT_3D('',#2181,#1778,#1779);
#1461=AXIS2_PLACEMENT_3D('',#2183,#1781,#1782);
#1462=AXIS2_PLACEMENT_3D('',#2186,#1785,#1786);
#1463=AXIS2_PLACEMENT_3D('',#2187,#1787,#1788);
#1464=AXIS2_PLACEMENT_3D('',#2191,#1791,#1792);
#1465=AXIS2_PLACEMENT_3D('',#2193,#1794,#1795);
#1466=AXIS2_PLACEMENT_3D('',#2195,#1797,#1798);
#1467=AXIS2_PLACEMENT_3D('',#2199,#1801,#1802);
#1468=AXIS2_PLACEMENT_3D('',#2203,#1805,#1806);
#1469=AXIS2_PLACEMENT_3D('',#2205,#1808,#1809);
#1470=AXIS2_PLACEMENT_3D('',#2206,#1810,#1811);
#1471=AXIS2_PLACEMENT_3D('',#2208,#1813,#1814);
#1472=AXIS2_PLACEMENT_3D('',#2209,#1815,#1816);
#1473=AXIS2_PLACEMENT_3D('',#2210,#1817,#1818);
#1474=AXIS2_PLACEMENT_3D('',#2211,#1819,#1820);
#1475=AXIS2_PLACEMENT_3D('',#2212,#1821,#1822);
#1476=AXIS2_PLACEMENT_3D('',#2214,#1824,#1825);
#1477=DIRECTION('axis',(0.,0.,1.));
#1478=DIRECTION('refdir',(1.,0.,0.));
#1479=DIRECTION('center_axis',(-1.02515578697398E-17,-1.,0.));
#1480=DIRECTION('ref_axis',(-3.0932297870929E-11,3.17104241667858E-28,-1.));
#1481=DIRECTION('',(1.,-1.02515578697398E-17,-8.27315846657012E-16));
#1482=DIRECTION('',(8.27315846657012E-16,-8.48127627855714E-33,1.));
#1483=DIRECTION('',(1.,-1.02515578697398E-17,-3.0932297870929E-11));
#1484=DIRECTION('',(7.16293544194497E-16,-7.34312472003091E-33,1.));
#1485=DIRECTION('center_axis',(1.,-1.25760238993362E-18,-7.16293544194497E-16));
#1486=DIRECTION('ref_axis',(7.16293544194497E-16,1.11022302462516E-15,1.));
#1487=DIRECTION('',(-1.2576023899337E-18,-1.,-1.11022302462516E-16));
#1488=DIRECTION('',(-7.16293544194497E-16,7.34312472003091E-33,-1.));
#1489=DIRECTION('',(-1.2576023899337E-18,-1.,-1.11022302462516E-16));
#1490=DIRECTION('',(-1.25760238978262E-18,-1.,2.1081080464349E-13));
#1491=DIRECTION('',(5.05606763242116E-16,-0.707106781186548,0.707106781186548));
#1492=DIRECTION('',(7.16293544194497E-16,2.1081080464349E-13,1.));
#1493=DIRECTION('center_axis',(-1.,1.25760238993361E-18,8.27315846657012E-16));
#1494=DIRECTION('ref_axis',(-8.27315846657012E-16,-1.11022302462516E-15,
-1.));
#1495=DIRECTION('',(8.27315846657012E-16,-8.48127627855714E-33,1.));
#1496=DIRECTION('',(-1.2576023897592E-18,-1.,2.1081080464349E-13));
#1497=DIRECTION('',(-8.27315846657012E-16,-2.1081080464349E-13,-1.));
#1498=DIRECTION('',(-5.84111386176305E-16,0.707106781186548,-0.707106781186548));
#1499=DIRECTION('',(1.2576023897592E-18,1.,-2.1081080464349E-13));
#1500=DIRECTION('',(1.2576023899337E-18,1.,1.11022302462516E-16));
#1501=DIRECTION('center_axis',(8.27315846657012E-16,-1.11022302462516E-16,
1.));
#1502=DIRECTION('ref_axis',(-1.,6.52492747860618E-17,8.27315846657012E-16));
#1503=DIRECTION('',(1.,-1.02515578697398E-17,-8.27315846657012E-16));
#1504=DIRECTION('center_axis',(-1.02515578697398E-17,-1.,0.));
#1505=DIRECTION('ref_axis',(-3.0932297870929E-11,3.17104241667858E-28,-1.));
#1506=DIRECTION('',(-2.03398423379219E-17,2.0851507078859E-34,-1.));
#1507=DIRECTION('center_axis',(1.02515578697398E-17,1.,0.));
#1508=DIRECTION('ref_axis',(0.707106781186547,-7.24894608741933E-18,0.707106781186548));
#1509=DIRECTION('',(1.,-1.02515578697398E-17,-2.03398423379154E-17));
#1510=DIRECTION('center_axis',(1.02515578697398E-17,1.,0.));
#1511=DIRECTION('ref_axis',(-0.707106781186548,7.24894608741934E-18,0.707106781186547));
#1512=DIRECTION('',(2.03398423379219E-17,-2.0851507078859E-34,1.));
#1513=DIRECTION('center_axis',(1.02515578697398E-17,1.,0.));
#1514=DIRECTION('ref_axis',(-0.707106781186547,7.24894608741933E-18,-0.707106781186548));
#1515=DIRECTION('',(-1.,1.02515578697398E-17,2.03398423379154E-17));
#1516=DIRECTION('center_axis',(1.02515578697398E-17,1.,0.));
#1517=DIRECTION('ref_axis',(0.707106781186548,-7.24894608741934E-18,-0.707106781186547));
#1518=DIRECTION('',(-1.,1.02515578697398E-17,9.38338149119528E-16));
#1519=DIRECTION('center_axis',(-1.02515578697398E-17,-1.,0.));
#1520=DIRECTION('ref_axis',(-3.0932297870929E-11,3.17104241667858E-28,-1.));
#1521=DIRECTION('',(-3.1058420383819E-11,3.18397193907427E-28,-1.));
#1522=DIRECTION('',(-1.,1.02515578697398E-17,9.38338149119528E-16));
#1523=DIRECTION('',(3.1058420383819E-11,-3.18397193907427E-28,1.));
#1524=DIRECTION('',(1.,-1.02515578697398E-17,-2.03398423379154E-17));
#1525=DIRECTION('center_axis',(-2.83668300603361E-28,-1.,2.1081080464349E-13));
#1526=DIRECTION('ref_axis',(-0.707106781186548,1.49065749510804E-13,0.707106781186547));
#1527=DIRECTION('',(-2.83668300603361E-28,-1.,2.1081080464349E-13));
#1528=DIRECTION('center_axis',(3.41913923129166E-15,1.,-2.12062162747502E-13));
#1529=DIRECTION('ref_axis',(-0.707106781186548,1.52368289848111E-13,0.707106781186547));
#1530=DIRECTION('',(2.83668300603361E-28,1.,-2.1081080464349E-13));
#1531=DIRECTION('center_axis',(2.03398423379176E-17,2.1081080464349E-13,
1.));
#1532=DIRECTION('ref_axis',(1.,-3.41913923129167E-15,-2.03398423371968E-17));
#1533=DIRECTION('',(2.83668300603361E-28,1.,-2.1081080464349E-13));
#1534=DIRECTION('',(1.,-3.41913923129167E-15,-2.03398423371968E-17));
#1535=DIRECTION('center_axis',(-2.83668300603361E-28,-1.,2.1081080464349E-13));
#1536=DIRECTION('ref_axis',(0.707106781186548,-1.49065749510804E-13,-0.707106781186547));
#1537=DIRECTION('',(-2.83668300603361E-28,-1.,2.1081080464349E-13));
#1538=DIRECTION('center_axis',(3.41913923129166E-15,1.,-2.12062162747502E-13));
#1539=DIRECTION('ref_axis',(0.707106781186548,-1.52368289848111E-13,-0.707106781186547));
#1540=DIRECTION('',(2.83668300603361E-28,1.,-2.1081080464349E-13));
#1541=DIRECTION('center_axis',(-2.83668300603361E-28,-1.,2.1081080464349E-13));
#1542=DIRECTION('ref_axis',(0.707106781186547,1.49065749510804E-13,0.707106781186548));
#1543=DIRECTION('',(-2.83668300603361E-28,-1.,2.1081080464349E-13));
#1544=DIRECTION('center_axis',(3.41913923129166E-15,1.,-2.12062162747502E-13));
#1545=DIRECTION('ref_axis',(0.707106781186547,1.47532896775577E-13,0.707106781186548));
#1546=DIRECTION('center_axis',(-2.03398423379176E-17,-2.1081080464349E-13,
-1.));
#1547=DIRECTION('ref_axis',(-1.,3.41913923129167E-15,2.03398423371968E-17));
#1548=DIRECTION('',(-6.5308520313184E-24,1.,-2.1081080464349E-13));
#1549=DIRECTION('',(1.,-2.87956159132939E-28,-2.03398423379176E-17));
#1550=DIRECTION('',(-6.5308520313184E-24,1.,-2.1081080464349E-13));
#1551=DIRECTION('center_axis',(9.31608647580335E-13,0.99999984060937,-0.000564607151010014));
#1552=DIRECTION('ref_axis',(1.33093172518052E-15,-0.000564607151010014,
-0.99999984060937));
#1553=DIRECTION('',(1.,-9.48574157195324E-13,-3.00480757121256E-11));
#1554=DIRECTION('',(-3.10584154333978E-11,-0.000564607151010014,-0.99999984060937));
#1555=DIRECTION('',(-0.707106724844411,-0.000399237576338022,-0.707106724822476));
#1556=DIRECTION('',(1.,-9.3160805534612E-13,1.31192778740866E-15));
#1557=DIRECTION('',(0.707106724833482,-0.000399237577661686,-0.707106724833404));
#1558=DIRECTION('',(-1.,9.31607747637076E-13,-1.8569244174091E-15));
#1559=DIRECTION('',(-1.33093172518051E-15,0.000564607151010014,0.99999984060937));
#1560=DIRECTION('',(-1.,9.3108224489787E-13,-9.32597271055961E-13));
#1561=DIRECTION('',(-1.31192757810327E-15,0.000564607151010014,0.99999984060937));
#1562=DIRECTION('center_axis',(0.707106781186548,2.3281984563911E-30,0.707106781186548));
#1563=DIRECTION('ref_axis',(0.707106781186548,5.50514710590976E-47,-0.707106781186548));
#1564=DIRECTION('',(7.09974814698912E-30,1.,-1.03923179799135E-29));
#1565=DIRECTION('',(0.577458897221383,0.577132951788172,-0.577458897221383));
#1566=DIRECTION('',(-7.09974814698912E-30,-1.,1.03923179799135E-29));
#1567=DIRECTION('',(-0.707106781186548,1.45716218932271E-13,0.707106781186548));
#1568=DIRECTION('center_axis',(-6.99259795054209E-16,0.707306371790552,
0.706907134229444));
#1569=DIRECTION('ref_axis',(1.,6.65901482651092E-31,9.89181974823933E-16));
#1570=DIRECTION('',(-1.,3.41749908022914E-16,-1.33112489179128E-15));
#1571=DIRECTION('',(-0.576064404260251,0.577828936618803,-0.578155275121023));
#1572=DIRECTION('',(1.,-1.82121737359931E-19,9.89364199417573E-16));
#1573=DIRECTION('center_axis',(-0.707106781186548,1.23687585752964E-29,
0.707106781186548));
#1574=DIRECTION('ref_axis',(0.707106781186548,-7.3983190964076E-47,0.707106781186548));
#1575=DIRECTION('',(-7.09974814698912E-30,-1.,1.03923179799135E-29));
#1576=DIRECTION('',(-0.707106781186547,-1.52415280089338E-13,-0.707106781186547));
#1577=DIRECTION('',(7.09974814698912E-30,1.,-1.03923179799135E-29));
#1578=DIRECTION('',(0.577458897221366,-0.577132951788206,0.577458897221366));
#1579=DIRECTION('center_axis',(2.19121316362668E-11,0.707306371790599,0.706907134229397));
#1580=DIRECTION('ref_axis',(1.,-1.53590179797706E-27,-3.09971855923527E-11));
#1581=DIRECTION('',(9.27934883224385E-16,0.706907134229397,-0.707306371790599));
#1582=DIRECTION('',(-1.,1.74920944191914E-14,3.09796836189822E-11));
#1583=DIRECTION('',(-2.19678186352262E-11,0.706907134229397,-0.707306371790599));
#1584=DIRECTION('',(1.,-1.74920944191914E-14,-3.09796836189822E-11));
#1585=DIRECTION('center_axis',(7.40723810275891E-19,0.99999984060937,-0.000564607151010014));
#1586=DIRECTION('ref_axis',(-1.31192757810327E-15,0.000564607151010014,
0.99999984060937));
#1587=DIRECTION('',(-1.31192757810327E-15,0.000564607151010014,0.99999984060937));
#1588=DIRECTION('',(-1.,1.82121737359931E-19,-9.89364199417573E-16));
#1589=DIRECTION('',(1.33093170201946E-15,-0.000564607151010014,-0.99999984060937));
#1590=DIRECTION('',(-1.,-1.07298642546604E-20,-1.33093190809938E-15));
#1591=DIRECTION('',(0.707106781186549,0.000399237545185596,0.707106668480351));
#1592=DIRECTION('',(-2.23457266437305E-17,-0.000564607151010014,-0.99999984060937));
#1593=DIRECTION('',(0.707106724833435,0.000399237577002965,0.707106724833451));
#1594=DIRECTION('',(1.,-7.09965298211005E-30,1.31192778721227E-15));
#1595=DIRECTION('',(0.707106724822437,-0.000399237577009176,-0.707106724844449));
#1596=DIRECTION('',(3.10584154333978E-11,0.000564607151010014,0.99999984060937));
#1597=DIRECTION('center_axis',(-0.707106781185918,0.707106668480981,-0.000399237545186894));
#1598=DIRECTION('ref_axis',(-0.000564607061019289,-1.15990761278232E-19,
0.999999840609421));
#1599=DIRECTION('',(0.707106781187177,0.707106668479723,-0.000399237545184301));
#1600=DIRECTION('',(1.33093172518052E-15,-0.000564607151010014,-0.99999984060937));
#1601=DIRECTION('',(-0.577458897221882,-0.577132951787653,0.577458897221402));
#1602=DIRECTION('',(-1.33093172518052E-15,0.000564607151010014,0.99999984060937));
#1603=DIRECTION('center_axis',(1.,-9.31607747637077E-13,1.85692441740909E-15));
#1604=DIRECTION('ref_axis',(-9.31608647580336E-13,-0.99999984060937,0.000564607151010014));
#1605=DIRECTION('',(9.31607747637077E-13,1.,-2.10810804643489E-13));
#1606=DIRECTION('',(-5.23209695845194E-15,-0.00362296764549316,0.999993437031184));
#1607=DIRECTION('',(9.31607747637075E-13,1.,7.20817019353126E-13));
#1608=DIRECTION('',(1.8569244172127E-15,-2.1081080464349E-13,-1.));
#1609=DIRECTION('',(9.31607747637075E-13,1.,9.32394366912143E-13));
#1610=DIRECTION('',(-9.31608647580335E-13,-0.99999984060937,0.000564607151010014));
#1611=DIRECTION('center_axis',(-0.707106781186508,5.09680406249255E-13,
-0.707106781186587));
#1612=DIRECTION('ref_axis',(-0.707106781186587,1.91066936081719E-30,0.707106781186508));
#1613=DIRECTION('',(0.707106724833482,-0.000399237577661686,-0.707106724833404));
#1614=DIRECTION('',(-0.000564607061737811,-0.999999681218815,0.000564607061016952));
#1615=DIRECTION('',(-9.31607747637077E-13,-1.,2.10810804643489E-13));
#1616=DIRECTION('',(-0.577350269190023,-0.577350269189311,0.577350269189543));
#1617=DIRECTION('',(-0.578048775225299,0.575950715704615,0.57804877522565));
#1618=DIRECTION('center_axis',(0.707106668478159,0.707106781188705,-0.000399237608821566));
#1619=DIRECTION('ref_axis',(-0.000564607241006585,-4.2659916634266E-19,
-0.999999840609319));
#1620=DIRECTION('',(-0.577350330540287,0.577024078338819,-0.577676214537398));
#1621=DIRECTION('',(2.23457266437305E-17,0.000564607151010014,0.99999984060937));
#1622=DIRECTION('',(0.707106893894918,-0.707106555771981,0.000399237481550577));
#1623=DIRECTION('',(-2.23457266437305E-17,-0.000564607151010014,-0.99999984060937));
#1624=DIRECTION('center_axis',(-9.81836622980063E-13,0.99999984060937,-0.000564607151010014));
#1625=DIRECTION('ref_axis',(1.33093170201946E-15,-0.000564607151010014,
-0.99999984060937));
#1626=DIRECTION('',(0.707106781186549,0.00039923754587986,0.70710666848035));
#1627=DIRECTION('',(-1.,-9.81837217938061E-13,-7.76579511423352E-16));
#1628=DIRECTION('',(-1.33093170201946E-15,0.000564607151010014,0.99999984060937));
#1629=DIRECTION('',(1.,9.81837217938061E-13,7.76579511423353E-16));
#1630=DIRECTION('center_axis',(0.707106781186546,-0.000399237545188111,
-0.707106668480353));
#1631=DIRECTION('ref_axis',(-0.707106724833444,2.44340938101707E-20,-0.707106837539646));
#1632=DIRECTION('',(-3.55270162851108E-15,-0.99999984060937,0.000564607151010014));
#1633=DIRECTION('',(3.55270162851108E-15,0.99999984060937,-0.000564607151010014));
#1634=DIRECTION('center_axis',(0.707106781186555,-1.51577897444697E-13,
-0.70710678118654));
#1635=DIRECTION('ref_axis',(-0.70710678118654,1.68453179819263E-30,-0.707106781186555));
#1636=DIRECTION('',(-0.577350269189611,0.577350269189518,-0.577350269189748));
#1637=DIRECTION('',(3.55271367880078E-15,1.,-2.1081080464349E-13));
#1638=DIRECTION('',(-3.55271367880078E-15,-1.,2.1081080464349E-13));
#1639=DIRECTION('',(-0.577350269189639,-0.57735026918971,-0.577350269189528));
#1640=DIRECTION('center_axis',(-1.31192778721227E-15,2.1081080464349E-13,
1.));
#1641=DIRECTION('ref_axis',(1.,-7.0997481469891E-30,1.31192778721227E-15));
#1642=DIRECTION('',(1.,-3.41913923129138E-15,1.31192778721299E-15));
#1643=DIRECTION('',(-6.5308520313184E-24,1.,-2.1081080464349E-13));
#1644=DIRECTION('',(1.,6.53112859987085E-24,1.31192778721227E-15));
#1645=DIRECTION('',(6.5308520313184E-24,-1.,2.1081080464349E-13));
#1646=DIRECTION('center_axis',(-1.4900235015024E-15,-0.707106781186689,
-0.707106781186406));
#1647=DIRECTION('ref_axis',(-1.,2.60992947470237E-30,2.10721144407976E-15));
#1648=DIRECTION('',(0.577350269189664,0.577350269189491,-0.577350269189722));
#1649=DIRECTION('',(-1.,3.41913923129138E-15,-1.31192778721299E-15));
#1650=DIRECTION('',(-0.575955777104388,0.578046253694207,-0.578046253694437));
#1651=DIRECTION('center_axis',(-1.33093170201946E-15,0.000564607151010014,
0.99999984060937));
#1652=DIRECTION('ref_axis',(-9.81836622980063E-13,0.99999984060937,-0.000564607151010014));
#1653=DIRECTION('',(-9.81836622980063E-13,0.99999984060937,-0.000564607151010014));
#1654=DIRECTION('center_axis',(-0.707102140405855,-0.70710678118657,-0.00256184180343933));
#1655=DIRECTION('ref_axis',(-0.00362299142307836,-4.77769067888235E-18,
0.999993436945037));
#1656=DIRECTION('',(-0.00362299142329044,2.12073158483982E-13,0.999993436945037));
#1657=DIRECTION('',(-0.578744761270027,0.576651758560944,0.576651758560634));
#1658=DIRECTION('',(-0.575955777104353,0.578046253694173,-0.578046253694506));
#1659=DIRECTION('center_axis',(0.707106781186548,-0.707106781186548,1.49936210871399E-13));
#1660=DIRECTION('ref_axis',(2.12041822905164E-13,-4.41270343237401E-28,
-1.));
#1661=DIRECTION('',(-0.707106781186547,-0.707106781186547,1.57009245868381E-13));
#1662=DIRECTION('',(-2.03398423379219E-17,-2.12062162747502E-13,-1.));
#1663=DIRECTION('',(0.707106781186547,0.707106781186547,-1.57009245868381E-13));
#1664=DIRECTION('',(2.03398423379219E-17,2.12062162747502E-13,1.));
#1665=DIRECTION('center_axis',(0.,-1.,2.22044604925115E-13));
#1666=DIRECTION('ref_axis',(-0.707106781186548,1.57009245868437E-13,0.707106781186547));
#1667=DIRECTION('',(0.,-0.707106781186265,0.70710678118683));
#1668=DIRECTION('center_axis',(-3.41913923129166E-15,-1.,2.12062162747502E-13));
#1669=DIRECTION('ref_axis',(-0.707106781186548,1.52368289848111E-13,0.707106781186547));
#1670=DIRECTION('center_axis',(-2.43207897671294E-15,-0.707106781186767,
-0.707106781186328));
#1671=DIRECTION('ref_axis',(-1.,-2.44690907797169E-30,3.43947907363099E-15));
#1672=DIRECTION('',(0.,-0.707106781186328,0.707106781186767));
#1673=DIRECTION('',(-1.,3.41913923129167E-15,2.03398423371968E-17));
#1674=DIRECTION('center_axis',(0.,-1.,2.22044604925036E-13));
#1675=DIRECTION('ref_axis',(0.707106781186547,1.57009245868381E-13,0.707106781186548));
#1676=DIRECTION('',(0.707106781186547,-0.707106781186547,1.57009245868381E-13));
#1677=DIRECTION('center_axis',(-3.41913923129166E-15,-1.,2.12062162747502E-13));
#1678=DIRECTION('ref_axis',(0.707106781186547,1.47532896775577E-13,0.707106781186548));
#1679=DIRECTION('center_axis',(-0.707106781186548,-0.707106781186548,1.49964975752289E-13));
#1680=DIRECTION('ref_axis',(2.1208250258984E-13,-4.94755943467418E-28,1.));
#1681=DIRECTION('',(0.707106781186547,-0.707106781186547,1.57009245868381E-13));
#1682=DIRECTION('',(2.03398423379219E-17,2.12062162747502E-13,1.));
#1683=DIRECTION('',(-2.03398423379219E-17,-2.12062162747502E-13,-1.));
#1684=DIRECTION('center_axis',(0.,-1.,2.22044604924997E-13));
#1685=DIRECTION('ref_axis',(0.707106781186548,-1.57009245868353E-13,-0.707106781186547));
#1686=DIRECTION('',(0.,-0.707106781186767,-0.707106781186328));
#1687=DIRECTION('center_axis',(-3.41913923129166E-15,-1.,2.12062162747502E-13));
#1688=DIRECTION('ref_axis',(0.707106781186548,-1.52368289848111E-13,-0.707106781186547));
#1689=DIRECTION('center_axis',(-2.40331409582213E-15,-0.707106781186469,
0.707106781186626));
#1690=DIRECTION('ref_axis',(1.,-8.4860373146876E-31,3.39879938895371E-15));
#1691=DIRECTION('',(0.,-0.707106781186626,-0.707106781186469));
#1692=DIRECTION('',(1.,-3.41913923129167E-15,-2.03398423371968E-17));
#1693=DIRECTION('',(-1.,3.41913923129167E-15,2.03398423371968E-17));
#1694=DIRECTION('center_axis',(0.,-1.,2.22044604925075E-13));
#1695=DIRECTION('ref_axis',(-0.707106781186547,-1.57009245868409E-13,-0.707106781186548));
#1696=DIRECTION('center_axis',(3.41913923129166E-15,1.,-2.12062162747502E-13));
#1697=DIRECTION('ref_axis',(-0.707106781186547,-1.47532896775577E-13,-0.707106781186548));
#1698=DIRECTION('center_axis',(-3.41913923129166E-15,-1.,2.12062162747502E-13));
#1699=DIRECTION('ref_axis',(-0.707106781186547,-1.47532896775577E-13,-0.707106781186548));
#1700=DIRECTION('center_axis',(-1.,2.8795615913294E-28,2.03398423379219E-17));
#1701=DIRECTION('ref_axis',(2.03398423379219E-17,2.12062162747502E-13,1.));
#1702=DIRECTION('',(-2.83668300603361E-28,-1.,2.1081080464349E-13));
#1703=DIRECTION('center_axis',(1.,-2.8795615913294E-28,-2.03398423379219E-17));
#1704=DIRECTION('ref_axis',(-2.03398423379219E-17,-2.12062162747502E-13,
-1.));
#1705=DIRECTION('center_axis',(-2.83668300603361E-28,-1.,2.1081080464349E-13));
#1706=DIRECTION('ref_axis',(-0.707106781186547,-1.49065749510804E-13,-0.707106781186548));
#1707=DIRECTION('',(2.83668300603361E-28,1.,-2.1081080464349E-13));
#1708=DIRECTION('center_axis',(-2.03398423379176E-17,-2.1081080464349E-13,
-1.));
#1709=DIRECTION('ref_axis',(-1.,3.41913923129167E-15,2.03398423371968E-17));
#1710=DIRECTION('center_axis',(3.09796836189822E-11,2.1081080464349E-13,
1.));
#1711=DIRECTION('ref_axis',(1.,-6.531135699619E-24,-3.09796836189822E-11));
#1712=DIRECTION('',(-1.,-4.73695156521512E-15,3.09796836189822E-11));
#1713=DIRECTION('',(-2.83668300603361E-28,-1.,2.1081080464349E-13));
#1714=DIRECTION('',(-6.5308520313184E-24,1.,-2.1081080464349E-13));
#1715=DIRECTION('',(6.5308520313184E-24,-1.,2.1081080464349E-13));
#1716=DIRECTION('',(1.,-1.74920944191914E-14,-3.09796836189822E-11));
#1717=DIRECTION('',(2.83668300603361E-28,1.,-2.1081080464349E-13));
#1718=DIRECTION('',(-1.,-4.73695156521512E-15,3.09796836189822E-11));
#1719=DIRECTION('center_axis',(-6.5308520313184E-24,1.,-2.1081080464349E-13));
#1720=DIRECTION('ref_axis',(3.1058420383819E-11,2.1081080464349E-13,1.));
#1721=DIRECTION('',(-3.1058420383819E-11,-2.1081080464349E-13,-1.));
#1722=DIRECTION('',(0.707106781175541,-1.49065749508507E-13,-0.707106781197554));
#1723=DIRECTION('',(0.707106781197515,1.4906574951311E-13,0.70710678117558));
#1724=DIRECTION('',(3.1058420383819E-11,2.1081080464349E-13,1.));
#1725=DIRECTION('center_axis',(2.19121316362668E-11,0.707306371790599,0.706907134229397));
#1726=DIRECTION('ref_axis',(1.,-1.53590179797706E-27,-3.09971855923527E-11));
#1727=DIRECTION('',(-9.27934883224385E-16,-0.706907134229397,0.707306371790599));
#1728=DIRECTION('',(2.19678186352262E-11,-0.706907134229397,0.707306371790599));
#1729=DIRECTION('center_axis',(1.,-1.65985607502651E-26,-3.1058420383819E-11));
#1730=DIRECTION('ref_axis',(-3.1058420383819E-11,-2.1081080464349E-13,-1.));
#1731=DIRECTION('',(6.5308520313184E-24,-1.,2.1081080464349E-13));
#1732=DIRECTION('center_axis',(-1.,7.09974814698911E-30,-1.31192778721227E-15));
#1733=DIRECTION('ref_axis',(-1.31192778721227E-15,2.1081080464349E-13,1.));
#1734=DIRECTION('',(1.31192778721227E-15,-2.1081080464349E-13,-1.));
#1735=DIRECTION('center_axis',(-3.18317271844676E-15,-0.707106781186359,
0.707106781186736));
#1736=DIRECTION('ref_axis',(1.,6.15124510303296E-30,4.50168602980225E-15));
#1737=DIRECTION('',(0.577350269189602,-0.577350269189793,-0.577350269189482));
#1738=DIRECTION('',(-1.,3.41913923129143E-15,-1.08254679851263E-15));
#1739=DIRECTION('',(0.575955777104306,0.578046253694516,0.57804625369421));
#1740=DIRECTION('',(1.,-3.41913923129143E-15,1.08254679851263E-15));
#1741=DIRECTION('',(-0.57735026918968,-0.577350269189751,-0.577350269189446));
#1742=DIRECTION('center_axis',(0.707106781186516,-0.707106781186579,1.49936210871405E-13));
#1743=DIRECTION('ref_axis',(2.12041822905183E-13,2.59800569705631E-28,-1.));
#1744=DIRECTION('',(2.03398423379221E-17,2.12062162747502E-13,1.));
#1745=DIRECTION('',(0.577350269189644,0.57735026918947,-0.577350269189763));
#1746=DIRECTION('',(-2.03398423379221E-17,-2.12062162747502E-13,-1.));
#1747=DIRECTION('center_axis',(0.707106781186548,1.4655360157691E-13,0.707106781186548));
#1748=DIRECTION('ref_axis',(0.707106781186548,-5.26600116465274E-30,-0.707106781186548));
#1749=DIRECTION('',(3.55271367880078E-15,1.,-2.1081080464349E-13));
#1750=DIRECTION('',(-0.707106781186547,1.45716218932271E-13,0.707106781186547));
#1751=DIRECTION('',(-0.577350269189546,-0.577350269189665,0.577350269189666));
#1752=DIRECTION('',(-3.55271367880078E-15,-1.,2.1081080464349E-13));
#1753=DIRECTION('center_axis',(-0.708386543993947,1.51167937717869E-13,
0.705824697986909));
#1754=DIRECTION('ref_axis',(0.705824697986909,-1.54640450721839E-29,0.708386543993947));
#1755=DIRECTION('',(3.34911104412611E-15,1.,-2.1081080464349E-13));
#1756=DIRECTION('',(-0.575955777104242,0.578046253694395,-0.578046253694394));
#1757=DIRECTION('',(-0.705824697986909,-1.52678994750491E-13,-0.708386543993947));
#1758=DIRECTION('center_axis',(1.2954877141392E-15,0.707106781186548,0.707106781186548));
#1759=DIRECTION('ref_axis',(1.,3.93874005696187E-30,-1.83209629522338E-15));
#1760=DIRECTION('',(1.,-2.91464309373591E-15,1.08254679851253E-15));
#1761=DIRECTION('',(-1.,2.91464309373591E-15,-1.08254679851253E-15));
#1762=DIRECTION('center_axis',(-4.73695157174597E-15,1.,-2.1081080464349E-13));
#1763=DIRECTION('ref_axis',(1.31192778721227E-15,-2.1081080464349E-13,-1.));
#1764=DIRECTION('',(-2.03398423379177E-17,-2.1081080464349E-13,-1.));
#1765=DIRECTION('',(-0.707106781186547,1.45716218932271E-13,0.707106781186547));
#1766=DIRECTION('',(1.,4.73695157174618E-15,9.89364199417573E-16));
#1767=DIRECTION('',(-1.31192778721227E-15,2.1081080464349E-13,1.));
#1768=DIRECTION('center_axis',(1.,-7.09974814698911E-30,1.31192778721227E-15));
#1769=DIRECTION('ref_axis',(1.31192778721227E-15,-2.1081080464349E-13,-1.));
#1770=DIRECTION('center_axis',(9.89364199417573E-16,-1.03923179799135E-29,
-1.));
#1771=DIRECTION('ref_axis',(1.,-3.02979104513344E-15,9.89364199417573E-16));
#1772=DIRECTION('',(-3.55271367880079E-15,-1.,6.87739025532692E-30));
#1773=DIRECTION('',(1.,-1.82121737359931E-19,9.89364199417573E-16));
#1774=DIRECTION('center_axis',(9.89364199417573E-16,-1.03923179799135E-29,
-1.));
#1775=DIRECTION('ref_axis',(1.,-3.02979104513344E-15,9.89364199417573E-16));
#1776=DIRECTION('',(2.58534029429638E-15,1.,-7.834474849425E-30));
#1777=DIRECTION('',(1.,4.73695157174618E-15,9.89364199417573E-16));
#1778=DIRECTION('center_axis',(-1.,1.65985607502651E-26,3.1058420383819E-11));
#1779=DIRECTION('ref_axis',(3.1058420383819E-11,2.1081080464349E-13,1.));
#1780=DIRECTION('',(-6.5308520313184E-24,1.,-2.1081080464349E-13));
#1781=DIRECTION('center_axis',(1.2954877141392E-15,0.707106781186548,0.707106781186548));
#1782=DIRECTION('ref_axis',(1.,3.93874005696187E-30,-1.83209629522338E-15));
#1783=DIRECTION('',(-1.,2.91464309373591E-15,-1.08254679851253E-15));
#1784=DIRECTION('',(1.,-2.91464309373591E-15,1.08254679851253E-15));
#1785=DIRECTION('center_axis',(-1.08254679851191E-15,2.1081080464349E-13,
1.));
#1786=DIRECTION('ref_axis',(1.,-4.52202587215E-15,1.08254679851286E-15));
#1787=DIRECTION('center_axis',(-6.9925979505424E-16,0.70730637179052,0.706907134229476));
#1788=DIRECTION('ref_axis',(1.,-2.56524283137312E-31,9.89181974823933E-16));
#1789=DIRECTION('',(-0.577458897221367,-0.577132951788206,0.577458897221365));
#1790=DIRECTION('',(-1.,1.82121737359931E-19,-9.89364199417573E-16));
#1791=DIRECTION('center_axis',(0.707106781186548,-2.51214793389424E-15,
0.707106781186548));
#1792=DIRECTION('ref_axis',(0.707106781186548,5.68877830997216E-32,-0.707106781186548));
#1793=DIRECTION('',(3.55271367880079E-15,1.,-6.87739025532692E-30));
#1794=DIRECTION('center_axis',(1.,-3.55271367880079E-15,-2.03398423371687E-17));
#1795=DIRECTION('ref_axis',(-2.03398423379171E-17,-2.10668891921199E-13,
-1.));
#1796=DIRECTION('',(9.81836622980063E-13,-0.99999984060937,0.000564607151010014));
#1797=DIRECTION('center_axis',(-1.33093172518052E-15,0.000564607151010014,
0.99999984060937));
#1798=DIRECTION('ref_axis',(9.31608647580335E-13,0.99999984060937,-0.000564607151010014));
#1799=DIRECTION('',(-1.,9.31607747637076E-13,-1.85692441740909E-15));
#1800=DIRECTION('',(-9.31608647580336E-13,-0.99999984060937,0.000564607151010014));
#1801=DIRECTION('center_axis',(1.33093172518052E-15,-0.000564607151010014,
-0.99999984060937));
#1802=DIRECTION('ref_axis',(-9.31608647580335E-13,-0.99999984060937,0.000564607151010014));
#1803=DIRECTION('',(-9.31608647580335E-13,-0.99999984060937,0.000564607151010014));
#1804=DIRECTION('',(1.,-9.31607747637077E-13,1.85692441740909E-15));
#1805=DIRECTION('center_axis',(-1.,9.31607747637077E-13,-1.85692441740909E-15));
#1806=DIRECTION('ref_axis',(9.31608647580336E-13,0.99999984060937,-0.000564607151010014));
#1807=DIRECTION('',(1.33093172518052E-15,-0.000564607151010014,-0.99999984060937));
#1808=DIRECTION('center_axis',(9.31608647580335E-13,0.99999984060937,-0.000564607151010014));
#1809=DIRECTION('ref_axis',(1.33093172518052E-15,-0.000564607151010014,
-0.99999984060937));
#1810=DIRECTION('center_axis',(1.,9.81837217938061E-13,7.76579511423352E-16));
#1811=DIRECTION('ref_axis',(9.81836622980063E-13,-0.99999984060937,0.000564607151010014));
#1812=DIRECTION('',(9.81836622980063E-13,-0.99999984060937,0.000564607151010014));
#1813=DIRECTION('center_axis',(1.33093170201946E-15,-0.000564607151010014,
-0.99999984060937));
#1814=DIRECTION('ref_axis',(9.81836622980063E-13,-0.99999984060937,0.000564607151010014));
#1815=DIRECTION('center_axis',(-0.707106781197554,-1.49065749513102E-13,
-0.707106781175541));
#1816=DIRECTION('ref_axis',(-0.707106781175541,2.19443352576578E-30,0.707106781197554));
#1817=DIRECTION('center_axis',(0.70710678117558,-1.49065749508498E-13,-0.707106781197515));
#1818=DIRECTION('ref_axis',(-0.707106781197515,2.16685976579931E-31,-0.70710678117558));
#1819=DIRECTION('center_axis',(3.41913923129166E-15,1.,-2.12062162747502E-13));
#1820=DIRECTION('ref_axis',(-1.,3.41913923129166E-15,2.03398423371967E-17));
#1821=DIRECTION('center_axis',(-4.73695157174597E-15,1.,-2.1081080464349E-13));
#1822=DIRECTION('ref_axis',(1.31192778721227E-15,-2.1081080464349E-13,-1.));
#1823=DIRECTION('',(-0.705824697986925,-1.52678994750488E-13,-0.708386543993932));
#1824=DIRECTION('center_axis',(-0.708386543993932,1.83142027612487E-15,
0.705824697986925));
#1825=DIRECTION('ref_axis',(0.705824697986925,3.03543948221449E-32,0.708386543993932));
#1826=CARTESIAN_POINT('',(0.,0.,0.));
#1827=CARTESIAN_POINT('Origin',(150.16023758313,-226.520847501286,76.8628176345952));
#1828=CARTESIAN_POINT('',(153.067769236849,-226.520847501286,79.5628176345955));
#1829=CARTESIAN_POINT('',(147.317766566555,-226.520847501286,79.5628176345955));
#1830=CARTESIAN_POINT('',(151.41023758313,-226.520847501286,79.5628176345955));
#1831=CARTESIAN_POINT('',(147.317767811428,-226.520847501286,81.2951593552118));
#1832=CARTESIAN_POINT('',(147.317766566555,-226.520847501286,78.1128176345954));
#1833=CARTESIAN_POINT('',(153.06776923685,-226.520847501286,81.2951593551229));
#1834=CARTESIAN_POINT('',(148.749695593236,-226.520847501286,81.2951604396001));
#1835=CARTESIAN_POINT('',(153.067769236849,-226.520847501286,75.6128176345954));
#1836=CARTESIAN_POINT('Origin',(153.067769236849,-226.047185764468,74.3628176345955));
#1837=CARTESIAN_POINT('',(153.067769237353,-226.146758732832,74.0029708535749));
#1838=CARTESIAN_POINT('',(153.067769236849,-226.920847501286,74.0029714859843));
#1839=CARTESIAN_POINT('',(153.067769236849,-226.047185764468,74.002971486851));
#1840=CARTESIAN_POINT('',(153.067769236849,-226.920847501286,79.5628176345955));
#1841=CARTESIAN_POINT('',(153.067769236849,-226.920847501286,75.6128176345954));
#1842=CARTESIAN_POINT('',(153.067769236849,-226.047185764468,79.5628176345955));
#1843=CARTESIAN_POINT('',(153.067769237353,-226.346756614305,81.29515827177));
#1844=CARTESIAN_POINT('',(153.067769236849,-226.834019509123,81.2951582717701));
#1845=CARTESIAN_POINT('',(153.067770354565,-226.14675752371,81.0951585779544));
#1846=CARTESIAN_POINT('',(153.067769236849,-224.488778742552,79.4371804000171));
#1847=CARTESIAN_POINT('',(153.067769236849,-226.146758732831,78.5539879531828));
#1848=CARTESIAN_POINT('Origin',(147.317766566555,-226.047185764468,79.3628176345955));
#1849=CARTESIAN_POINT('',(147.317766566555,-226.920847501286,74.0029711698699));
#1850=CARTESIAN_POINT('',(147.317766566555,-226.920847501286,79.5628176345955));
#1851=CARTESIAN_POINT('',(147.317766566555,-226.920847501286,78.1128176345954));
#1852=CARTESIAN_POINT('',(147.317766567117,-226.146758732832,74.0029708537531));
#1853=CARTESIAN_POINT('',(147.317766566555,-226.1339635963,74.0029708537531));
#1854=CARTESIAN_POINT('',(147.317766566569,-226.146757598137,81.095158757536));
#1855=CARTESIAN_POINT('',(147.317766566555,-226.14675873283,81.0539879531828));
#1856=CARTESIAN_POINT('',(147.317766567117,-226.346756614305,81.29515827177));
#1857=CARTESIAN_POINT('',(147.317766566555,-225.738778742552,80.6871804000171));
#1858=CARTESIAN_POINT('',(147.317766566555,-226.834019509123,81.2951582717701));
#1859=CARTESIAN_POINT('',(147.317766566555,-226.047185764468,79.5628176345955));
#1860=CARTESIAN_POINT('Origin',(152.66023758313,-226.047185764468,79.5628176345955));
#1861=CARTESIAN_POINT('',(151.41023758313,-226.920847501286,79.5628176345955));
#1862=CARTESIAN_POINT('Origin',(150.16023758313,-226.920847501286,76.8628176345952));
#1863=CARTESIAN_POINT('',(154.597892561121,-226.920847501286,79.595158271733));
#1864=CARTESIAN_POINT('',(154.597892561121,-226.920847501286,74.045613776298));
#1865=CARTESIAN_POINT('',(154.5978925615,-226.920847501286,79.6289879531827));
#1866=CARTESIAN_POINT('',(153.3978925615,-226.920847501286,80.7951582717702));
#1867=CARTESIAN_POINT('Origin',(153.3978925615,-226.920847501285,79.5951582717702));
#1868=CARTESIAN_POINT('',(146.937652618466,-226.920847501286,80.7951582717702));
#1869=CARTESIAN_POINT('',(147.048945100798,-226.920847501286,80.7951582717702));
#1870=CARTESIAN_POINT('',(145.737652618083,-226.920847501286,79.5951582718073));
#1871=CARTESIAN_POINT('Origin',(146.937652618466,-226.920847501285,79.5951582717702));
#1872=CARTESIAN_POINT('',(145.737652618083,-226.920847501286,74.0456137763723));
#1873=CARTESIAN_POINT('',(145.737652618466,-226.920847501286,74.0542157054652));
#1874=CARTESIAN_POINT('',(146.937652618429,-226.920847501286,72.8456137766993));
#1875=CARTESIAN_POINT('Origin',(146.937652618466,-226.920847501286,74.0456137763351));
#1876=CARTESIAN_POINT('',(153.397892561463,-226.920847501286,72.8456137766992));
#1877=CARTESIAN_POINT('',(153.279065072315,-226.920847501286,72.8456137763351));
#1878=CARTESIAN_POINT('Origin',(153.3978925615,-226.920847501286,74.0456137763351));
#1879=CARTESIAN_POINT('',(148.91023758313,-226.920847501286,74.002971486851));
#1880=CARTESIAN_POINT('Origin',(150.16023758313,-226.520847501286,76.8628176345952));
#1881=CARTESIAN_POINT('',(148.711130607737,-226.520847501863,72.8456137763351));
#1882=CARTESIAN_POINT('',(148.711130607773,-226.520847501286,74.0029711698485));
#1883=CARTESIAN_POINT('',(148.711130607796,-226.520847501286,74.7578942441751));
#1884=CARTESIAN_POINT('',(151.611132515122,-226.520847501287,74.0029711698012));
#1885=CARTESIAN_POINT('',(148.91023758313,-226.520847501286,74.002971486851));
#1886=CARTESIAN_POINT('',(151.611132515086,-226.520847501863,72.8456137763351));
#1887=CARTESIAN_POINT('',(151.611132515145,-226.520847501286,74.757894244085));
#1888=CARTESIAN_POINT('',(153.279065072315,-226.520847501286,72.8456137763351));
#1889=CARTESIAN_POINT('Origin',(146.937652618466,-227.62085325378,79.5951582717703));
#1890=CARTESIAN_POINT('',(146.937652618466,-228.420853253779,80.7951582717705));
#1891=CARTESIAN_POINT('',(146.937652618466,-227.620853253779,80.7951582717703));
#1892=CARTESIAN_POINT('',(145.737652618466,-228.42085325378,79.5951582717705));
#1893=CARTESIAN_POINT('Origin',(146.937652618466,-228.42085325378,79.5951582717705));
#1894=CARTESIAN_POINT('',(145.737652618466,-227.62085325378,79.5951582717703));
#1895=CARTESIAN_POINT('Origin',(143.937652618466,-227.620853253779,80.7951582717703));
#1896=CARTESIAN_POINT('',(153.3978925615,-228.420853253779,80.7951582717705));
#1897=CARTESIAN_POINT('',(153.3978925615,-227.620853253779,80.7951582717703));
#1898=CARTESIAN_POINT('',(146.541164655845,-228.420853253779,80.7951582717705));
#1899=CARTESIAN_POINT('Origin',(153.3978925615,-227.620853253781,74.0456137763353));
#1900=CARTESIAN_POINT('',(153.3978925615,-228.420853253781,72.8456137763355));
#1901=CARTESIAN_POINT('',(153.3978925615,-227.620853253781,72.8456137763353));
#1902=CARTESIAN_POINT('',(154.5978925615,-228.420853253781,74.0456137763355));
#1903=CARTESIAN_POINT('Origin',(153.3978925615,-228.420853253781,74.0456137763355));
#1904=CARTESIAN_POINT('',(154.5978925615,-227.620853253781,74.0456137763353));
#1905=CARTESIAN_POINT('Origin',(153.3978925615,-227.62085325378,79.5951582717703));
#1906=CARTESIAN_POINT('',(154.5978925615,-228.42085325378,79.5951582717705));
#1907=CARTESIAN_POINT('',(154.5978925615,-227.62085325378,79.5951582717703));
#1908=CARTESIAN_POINT('Origin',(153.3978925615,-228.42085325378,79.5951582717705));
#1909=CARTESIAN_POINT('Origin',(156.3978925615,-227.620853253781,72.8456137763353));
#1910=CARTESIAN_POINT('',(151.611132515086,-226.420853253781,72.8456137763351));
#1911=CARTESIAN_POINT('',(151.611132515086,-226.702500284784,72.8456137763351));
#1912=CARTESIAN_POINT('',(148.711130607737,-226.420853253781,72.8456137763351));
#1913=CARTESIAN_POINT('',(153.282832575742,-226.420853253781,72.8456137763351));
#1914=CARTESIAN_POINT('',(148.711130607737,-226.702500284784,72.8456137763351));
#1915=CARTESIAN_POINT('Origin',(145.077249540435,-224.446230537176,77.0000032769667));
#1916=CARTESIAN_POINT('',(148.711130607751,-224.448317636304,73.3034522859402));
#1917=CARTESIAN_POINT('',(146.243772589993,-224.448317636302,73.3034522860145));
#1918=CARTESIAN_POINT('',(145.992421682591,-224.448317636633,73.3034522868221));
#1919=CARTESIAN_POINT('',(148.711130607799,-224.44863259572,72.7456137764904));
#1920=CARTESIAN_POINT('',(148.711130607799,-224.447457933031,74.8261100595279));
#1921=CARTESIAN_POINT('',(148.311130607786,-224.448858438616,72.3456137763614));
#1922=CARTESIAN_POINT('',(148.765939908851,-224.448601650569,72.8004230774499));
#1923=CARTESIAN_POINT('',(145.177249540371,-224.448858438613,72.3456137763614));
#1924=CARTESIAN_POINT('',(151.137571050969,-224.448858439196,72.3456137763344));
#1925=CARTESIAN_POINT('',(145.177049248849,-224.448858325527,72.3458140680125));
#1926=CARTESIAN_POINT('',(143.888840392696,-224.448130994056,73.6340229240736));
#1927=CARTESIAN_POINT('',(145.377249540436,-224.448858325527,72.3458140680771));
#1928=CARTESIAN_POINT('',(145.077249540435,-224.448858326104,72.3458140680774));
#1929=CARTESIAN_POINT('',(145.377249540436,-224.444254411936,80.5000027188878));
#1930=CARTESIAN_POINT('',(145.377249540436,-224.446230537176,77.0000032769667));
#1931=CARTESIAN_POINT('',(146.243772152879,-224.444253974683,80.5000014061473));
#1932=CARTESIAN_POINT('',(145.98451155952,-224.444254412148,80.5000027190997));
#1933=CARTESIAN_POINT('',(146.243772589993,-224.447015547678,75.60963765059));
#1934=CARTESIAN_POINT('Origin',(146.043772589993,-226.365639644733,80.7000000938775));
#1935=CARTESIAN_POINT('',(146.243772589993,-226.146758732831,80.5000000938775));
#1936=CARTESIAN_POINT('',(146.243772589993,-226.365639644733,80.5000000938775));
#1937=CARTESIAN_POINT('',(145.843772589993,-224.844026009267,80.9000000938775));
#1938=CARTESIAN_POINT('',(145.898296509067,-224.789532866102,80.8454761748032));
#1939=CARTESIAN_POINT('',(145.843772589993,-226.146758732831,80.9000000938775));
#1940=CARTESIAN_POINT('',(145.843772589993,-226.365639644733,80.9000000938775));
#1941=CARTESIAN_POINT('',(146.569733045547,-226.146758732831,80.1740396383233));
#1942=CARTESIAN_POINT('Origin',(146.891773578607,-224.644138930698,80.7000001257556));
#1943=CARTESIAN_POINT('',(144.777249540435,-224.444254412148,80.5000027190995));
#1944=CARTESIAN_POINT('',(145.984511559521,-224.444254412148,80.5000027190995));
#1945=CARTESIAN_POINT('',(145.175800343866,-224.844026009267,80.9000000938775));
#1946=CARTESIAN_POINT('',(145.680687242407,-225.350459417649,81.4067195189492));
#1947=CARTESIAN_POINT('',(146.891773578607,-224.844026009267,80.9000000938775));
#1948=CARTESIAN_POINT('Origin',(154.297772589983,-226.365639644733,80.7000000938775));
#1949=CARTESIAN_POINT('',(154.097772600801,-224.444251841707,80.5000001259549));
#1950=CARTESIAN_POINT('',(154.097772589983,-226.146758732831,80.5000000938775));
#1951=CARTESIAN_POINT('',(154.097772589983,-226.365639644733,80.5000000938775));
#1952=CARTESIAN_POINT('',(154.497772589983,-226.14675873283,80.9000000938775));
#1953=CARTESIAN_POINT('',(153.782812134486,-226.146758732831,80.1850396383803));
#1954=CARTESIAN_POINT('',(154.497772589983,-224.844026009267,80.9000000938775));
#1955=CARTESIAN_POINT('',(154.497772589983,-226.365639644733,80.9000000938775));
#1956=CARTESIAN_POINT('',(153.349837667576,-223.696739036259,79.7520651714698));
#1957=CARTESIAN_POINT('Origin',(146.907593824875,-225.047497822568,73.9029708697046));
#1958=CARTESIAN_POINT('',(154.097772589983,-225.147441362405,74.0029708537715));
#1959=CARTESIAN_POINT('',(154.097772589983,-224.448315076612,73.3034497251045));
#1960=CARTESIAN_POINT('',(154.097772589983,-226.769996397639,75.626442254271));
#1961=CARTESIAN_POINT('',(151.6111325151,-224.448315076612,73.3034497251815));
#1962=CARTESIAN_POINT('',(145.265004442311,-224.448315076612,73.3034497253781));
#1963=CARTESIAN_POINT('',(151.611132515122,-225.147441361853,74.0029708536199));
#1964=CARTESIAN_POINT('',(151.611132515114,-224.919056262305,73.7744567697879));
#1965=CARTESIAN_POINT('',(146.907593824878,-225.147441361853,74.0029708537656));
#1966=CARTESIAN_POINT('Origin',(143.622415059875,-224.446329038478,76.8210066922443));
#1967=CARTESIAN_POINT('',(154.097772589983,-224.445595539236,78.1201385286745));
#1968=CARTESIAN_POINT('',(154.947892497744,-224.444251852128,80.5000001576338));
#1969=CARTESIAN_POINT('',(146.891773578607,-224.444251852128,80.5000001576337));
#1970=CARTESIAN_POINT('',(154.947892497744,-224.448855766085,72.3458115066117));
#1971=CARTESIAN_POINT('',(154.947892497744,-224.446278507817,76.9105037038726));
#1972=CARTESIAN_POINT('',(155.1478925615,-224.448855766085,72.3458115066117));
#1973=CARTESIAN_POINT('',(149.43515377881,-224.448855766085,72.3458115066117));
#1974=CARTESIAN_POINT('',(155.5478925615,-224.448629923224,72.7458114428555));
#1975=CARTESIAN_POINT('',(153.485322160828,-224.449794465222,70.6832413709378));
#1976=CARTESIAN_POINT('',(155.547892561501,-224.448630034828,72.7456137763344));
#1977=CARTESIAN_POINT('',(155.547892561501,-224.444530098972,80.0071852866337));
#1978=CARTESIAN_POINT('',(155.1478925615,-224.448855877725,72.3456137763344));
#1979=CARTESIAN_POINT('',(153.48492430363,-224.449794801645,70.6826455184636));
#1980=CARTESIAN_POINT('',(152.01113251507,-224.448855877725,72.3456137763344));
#1981=CARTESIAN_POINT('',(150.410153810688,-224.448855877725,72.3456137763344));
#1982=CARTESIAN_POINT('',(151.611132515386,-224.448630034829,72.7456137756016));
#1983=CARTESIAN_POINT('',(148.695423200175,-224.446983804236,75.6613230913325));
#1984=CARTESIAN_POINT('',(151.611132515144,-224.447505902946,74.736611766331));
#1985=CARTESIAN_POINT('Origin',(144.877249540436,-223.546230680628,76.9994951305308));
#1986=CARTESIAN_POINT('',(144.777249540436,-223.64425453966,80.4995510333787));
#1987=CARTESIAN_POINT('',(144.977249540436,-223.444254571538,80.4994381119485));
#1988=CARTESIAN_POINT('',(144.827249540436,-223.59425454763,80.4995228030212));
#1989=CARTESIAN_POINT('',(144.977249540436,-223.448745358352,72.5456137763342));
#1990=CARTESIAN_POINT('',(144.977249540436,-223.446230696567,76.9994386698157));
#1991=CARTESIAN_POINT('',(144.777249540436,-223.648632468782,72.7456137763342));
#1992=CARTESIAN_POINT('',(143.812679711963,-224.612657847886,73.7101836048061));
#1993=CARTESIAN_POINT('',(144.777249540436,-223.646230664689,76.9995515912459));
#1994=CARTESIAN_POINT('Origin',(144.777249540435,-223.946230616872,76.9997209733912));
#1995=CARTESIAN_POINT('',(144.777249540432,-228.192759169145,72.7456137763352));
#1996=CARTESIAN_POINT('',(144.777249540434,-225.783541935321,72.7456137763347));
#1997=CARTESIAN_POINT('',(144.777249540432,-228.222290114198,80.8965977574113));
#1998=CARTESIAN_POINT('',(144.777249540432,-228.201734054651,75.2228168547178));
#1999=CARTESIAN_POINT('',(144.777249540434,-226.146758732831,80.8965977574128));
#2000=CARTESIAN_POINT('',(144.777249540433,-226.826702943213,80.8965977574123));
#2001=CARTESIAN_POINT('',(144.777249540434,-226.146758732831,80.5000027190979));
#2002=CARTESIAN_POINT('',(144.777249540433,-226.146758732831,79.7826804286928));
#2003=CARTESIAN_POINT('',(144.777249540433,-226.499096138691,80.5000027190977));
#2004=CARTESIAN_POINT('',(144.777249540435,-223.944254491843,80.499720415524));
#2005=CARTESIAN_POINT('Origin',(144.977249540434,-225.783541935321,72.5456137763347));
#2006=CARTESIAN_POINT('',(145.177613855844,-223.448858485495,72.3452494609264));
#2007=CARTESIAN_POINT('',(143.889122696317,-223.448130994056,73.633740620453));
#2008=CARTESIAN_POINT('',(145.17681353506,-224.866340806875,72.3460497817091));
#2009=CARTESIAN_POINT('',(145.177249540431,-228.420853253781,72.3456137763352));
#2010=CARTESIAN_POINT('',(145.177249540434,-225.783541935321,72.3456137763347));
#2011=CARTESIAN_POINT('',(145.091867544342,-228.50623524987,72.4309957724246));
#2012=CARTESIAN_POINT('',(146.849140607999,-226.748962186216,70.6737227087691));
#2013=CARTESIAN_POINT('',(144.370399093614,-227.787385408189,73.1524642231529));
#2014=CARTESIAN_POINT('Origin',(155.447892529622,-223.544479711763,80.0961741518261));
#2015=CARTESIAN_POINT('',(155.5478925615,-223.648630050737,72.7453597571347));
#2016=CARTESIAN_POINT('',(155.347892497743,-223.448743004081,72.5452468038254));
#2017=CARTESIAN_POINT('',(157.029548317322,-225.129448544628,74.2278518299629));
#2018=CARTESIAN_POINT('',(155.347892497743,-223.444252011519,80.4994355504828));
#2019=CARTESIAN_POINT('',(155.347892497743,-223.444479727702,80.096117691111));
#2020=CARTESIAN_POINT('',(155.547892534783,-223.644251971946,80.4995484719086));
#2021=CARTESIAN_POINT('',(155.497892505713,-223.594251947762,80.4995202415329));
#2022=CARTESIAN_POINT('',(155.547892561501,-223.644479695824,80.0962306125412));
#2023=CARTESIAN_POINT('Origin',(155.247892497743,-223.446228136547,76.99943610835));
#2024=CARTESIAN_POINT('',(155.1478925615,-223.448855925476,72.3452468994607));
#2025=CARTESIAN_POINT('',(156.436440033242,-223.448128402357,73.6337941658193));
#2026=CARTESIAN_POINT('',(154.947892497743,-223.448855925476,72.3452468994607));
#2027=CARTESIAN_POINT('',(155.247892497743,-223.448855925476,72.3452468994607));
#2028=CARTESIAN_POINT('',(154.947892497743,-223.444252011519,80.4994355504828));
#2029=CARTESIAN_POINT('',(154.947892497743,-223.446228136548,76.99943610835));
#2030=CARTESIAN_POINT('',(155.247892497743,-223.444252011519,80.4994355504828));
#2031=CARTESIAN_POINT('Origin',(155.3478925615,-225.787803931658,72.5465675183195));
#2032=CARTESIAN_POINT('',(155.5478925615,-225.787691010228,72.7465674864413));
#2033=CARTESIAN_POINT('',(155.1478925615,-225.787916853088,72.3465675501976));
#2034=CARTESIAN_POINT('Origin',(155.3478925615,-227.620853253781,72.5456137763351));
#2035=CARTESIAN_POINT('',(155.247892561501,-228.520853253781,72.4456137763353));
#2036=CARTESIAN_POINT('',(155.1478925615,-228.420853253781,72.3456137763352));
#2037=CARTESIAN_POINT('',(154.785124572477,-228.058085264758,71.9828457873122));
#2038=CARTESIAN_POINT('',(155.1478925615,-227.620853253781,72.3456137763351));
#2039=CARTESIAN_POINT('',(155.5478925615,-228.220853253781,72.7456137763352));
#2040=CARTESIAN_POINT('',(155.5478925615,-227.620853253781,72.7456137763351));
#2041=CARTESIAN_POINT('',(156.724918956763,-227.043826858518,73.9226401715978));
#2042=CARTESIAN_POINT('Origin',(157.1978925615,-227.620853253781,72.3456137763351));
#2043=CARTESIAN_POINT('',(153.171284627362,-228.420853253781,72.3456137763352));
#2044=CARTESIAN_POINT('',(148.311130607721,-226.420853253781,72.3456137763348));
#2045=CARTESIAN_POINT('',(148.311130607721,-226.702500284784,72.3456137763349));
#2046=CARTESIAN_POINT('',(152.01113251507,-226.420853253781,72.3456137763348));
#2047=CARTESIAN_POINT('',(153.184332575723,-226.420853253781,72.3456137763348));
#2048=CARTESIAN_POINT('',(152.01113251507,-226.702500284784,72.3456137763349));
#2049=CARTESIAN_POINT('Origin',(153.171284627362,-228.520853253781,72.4456137763353));
#2050=CARTESIAN_POINT('',(155.1478925615,-228.620853253781,72.5456137763353));
#2051=CARTESIAN_POINT('',(153.674764843881,-230.0939809714,74.0187414939546));
#2052=CARTESIAN_POINT('',(145.206071037731,-228.620853253781,72.5456137763353));
#2053=CARTESIAN_POINT('',(153.171284627362,-228.620853253781,72.5456137763353));
#2054=CARTESIAN_POINT('',(146.607717212505,-230.027586813094,73.9523473356488));
#2055=CARTESIAN_POINT('Origin',(155.247892497744,-223.94885584578,72.3455292030362));
#2056=CARTESIAN_POINT('',(154.947892497744,-223.948855845781,72.3455292030362));
#2057=CARTESIAN_POINT('Origin',(145.002131933632,-228.420853253781,73.6324961825279));
#2058=CARTESIAN_POINT('',(145.17509590806,-228.620853253779,81.0951582717705));
#2059=CARTESIAN_POINT('',(145.202130621021,-228.620853253781,73.6332207808126));
#2060=CARTESIAN_POINT('',(145.074731632855,-228.520851941168,81.1951595843815));
#2061=CARTESIAN_POINT('',(146.315104548124,-229.7567391072,79.9592724183508));
#2062=CARTESIAN_POINT('',(143.604137955592,-227.044920629008,79.7192282722206));
#2063=CARTESIAN_POINT('Origin',(145.637652618466,-228.520853253781,74.032999900194));
#2064=CARTESIAN_POINT('',(145.537652618466,-228.62085325378,79.5951582717705));
#2065=CARTESIAN_POINT('',(145.737652618466,-228.42085325378,79.5951582717705));
#2066=CARTESIAN_POINT('',(145.537652618466,-228.620853253781,74.0456137763355));
#2067=CARTESIAN_POINT('',(145.537652618466,-228.620853253781,74.032999900194));
#2068=CARTESIAN_POINT('',(145.737652618466,-228.420853253781,74.0456137763355));
#2069=CARTESIAN_POINT('',(145.537652618466,-228.620853253781,74.0456137763355));
#2070=CARTESIAN_POINT('',(145.737652618466,-228.420853253781,74.032999900194));
#2071=CARTESIAN_POINT('Origin',(146.937652618466,-228.52085325378,79.5951582717705));
#2072=CARTESIAN_POINT('',(146.937652618466,-228.620853253779,80.9951582717705));
#2073=CARTESIAN_POINT('',(146.937652618466,-228.420853253779,80.7951582717705));
#2074=CARTESIAN_POINT('Origin',(146.937652618466,-228.62085325378,79.5951582717705));
#2075=CARTESIAN_POINT('Origin',(146.541164655845,-228.520853253779,80.8951582717705));
#2076=CARTESIAN_POINT('',(153.3978925615,-228.620853253779,80.9951582717705));
#2077=CARTESIAN_POINT('',(153.3978925615,-228.420853253779,80.7951582717705));
#2078=CARTESIAN_POINT('',(146.541164655845,-228.620853253779,80.9951582717705));
#2079=CARTESIAN_POINT('Origin',(153.3978925615,-228.52085325378,79.5951582717705));
#2080=CARTESIAN_POINT('',(154.7978925615,-228.62085325378,79.5951582717705));
#2081=CARTESIAN_POINT('',(154.5978925615,-228.42085325378,79.5951582717705));
#2082=CARTESIAN_POINT('Origin',(153.3978925615,-228.62085325378,79.5951582717705));
#2083=CARTESIAN_POINT('Origin',(154.6978925615,-228.52085325378,79.6077721479115));
#2084=CARTESIAN_POINT('',(154.7978925615,-228.620853253781,74.0456137763355));
#2085=CARTESIAN_POINT('',(154.5978925615,-228.420853253781,74.0456137763355));
#2086=CARTESIAN_POINT('',(154.7978925615,-228.62085325378,79.6077721479115));
#2087=CARTESIAN_POINT('',(154.5978925615,-228.42085325378,79.6077721479115));
#2088=CARTESIAN_POINT('Origin',(153.3978925615,-228.520853253781,74.0456137763355));
#2089=CARTESIAN_POINT('',(153.3978925615,-228.620853253781,72.6456137763355));
#2090=CARTESIAN_POINT('',(153.3978925615,-228.420853253781,72.8456137763355));
#2091=CARTESIAN_POINT('Origin',(153.3978925615,-228.620853253781,74.0456137763355));
#2092=CARTESIAN_POINT('Origin',(152.771284627362,-228.520853253781,72.7456137763355));
#2093=CARTESIAN_POINT('',(146.937652618466,-228.420853253781,72.8456137763355));
#2094=CARTESIAN_POINT('',(146.937652618466,-228.620853253781,72.6456137763355));
#2095=CARTESIAN_POINT('',(146.937652618466,-228.420853253781,72.8456137763355));
#2096=CARTESIAN_POINT('',(152.771284627362,-228.620853253781,72.6456137763355));
#2097=CARTESIAN_POINT('',(152.771284627362,-228.420853253781,72.8456137763355));
#2098=CARTESIAN_POINT('Origin',(146.937652618466,-228.520853253781,74.0456137763355));
#2099=CARTESIAN_POINT('Origin',(146.937652618466,-228.420853253781,74.0456137763355));
#2100=CARTESIAN_POINT('Origin',(146.937652618466,-228.620853253781,74.0456137763355));
#2101=CARTESIAN_POINT('Origin',(145.737652618466,-227.620853253781,71.2456137763353));
#2102=CARTESIAN_POINT('',(145.737652618466,-227.620853253781,74.0456137763353));
#2103=CARTESIAN_POINT('Origin',(154.5978925615,-227.620853253779,82.3951582717703));
#2104=CARTESIAN_POINT('Origin',(146.937652618466,-227.620853253781,74.0456137763353));
#2105=CARTESIAN_POINT('',(146.937652618466,-227.620853253781,72.8456137763353));
#2106=CARTESIAN_POINT('Origin',(156.3978925615,-227.620853253781,72.8456137763353));
#2107=CARTESIAN_POINT('Origin',(150.192772589967,-226.220741428131,74.002970853664));
#2108=CARTESIAN_POINT('',(154.097772589983,-226.146758732832,74.002970853543));
#2109=CARTESIAN_POINT('',(150.192772589899,-226.146758732832,74.002970853664));
#2110=CARTESIAN_POINT('',(154.097772589983,-226.320797340956,74.0029708535431));
#2111=CARTESIAN_POINT('',(151.611132515122,-226.002444371959,74.00297085362));
#2112=CARTESIAN_POINT('',(148.711130607773,-225.147441361853,74.0029708537097));
#2113=CARTESIAN_POINT('',(148.711130607773,-226.002444371959,74.0029708537099));
#2114=CARTESIAN_POINT('',(146.243772589993,-225.147441361853,74.0029708537861));
#2115=CARTESIAN_POINT('',(146.907593824878,-225.147441361853,74.0029708537656));
#2116=CARTESIAN_POINT('',(146.243772589993,-226.146758732832,74.0029708537864));
#2117=CARTESIAN_POINT('',(146.243772589993,-226.320797340956,74.0029708537864));
#2118=CARTESIAN_POINT('',(150.192772589899,-226.146758732832,74.002970853664));
#2119=CARTESIAN_POINT('Origin',(149.170772589946,-226.420853253781,72.6529708536958));
#2120=CARTESIAN_POINT('',(151.611132515082,-226.420853253781,72.7456137763348));
#2121=CARTESIAN_POINT('',(151.61113251508,-226.420853253781,72.65297085362));
#2122=CARTESIAN_POINT('',(151.124203264474,-226.420853253781,73.2325430269584));
#2123=CARTESIAN_POINT('',(148.711130607734,-226.420853253781,72.7456137763348));
#2124=CARTESIAN_POINT('',(148.702880372628,-226.420853253781,72.7373635412289));
#2125=CARTESIAN_POINT('',(148.711130607731,-226.420853253781,72.6529708537101));
#2126=CARTESIAN_POINT('Origin',(146.907593824875,-225.047497822568,73.9029708697046));
#2127=CARTESIAN_POINT('',(146.243772589993,-225.469996604725,74.3257082650964));
#2128=CARTESIAN_POINT('',(148.711130607766,-224.919056262305,73.7744567698779));
#2129=CARTESIAN_POINT('Origin',(148.711130607731,-225.784147315787,72.6529708537099));
#2130=CARTESIAN_POINT('',(148.711130607734,-226.702500284784,72.7456137763349));
#2131=CARTESIAN_POINT('Origin',(146.243772589993,-226.420853253781,74.2203860240521));
#2132=CARTESIAN_POINT('',(146.243772589993,-226.146758732831,78.482772147911));
#2133=CARTESIAN_POINT('Origin',(145.118068759087,-228.520853253779,81.1951582717705));
#2134=CARTESIAN_POINT('',(155.1478925615,-228.420853253779,81.2951582717705));
#2135=CARTESIAN_POINT('',(155.2478925615,-228.520853253779,81.1951582717705));
#2136=CARTESIAN_POINT('',(153.442921927765,-226.715882620043,83.0001289055056));
#2137=CARTESIAN_POINT('',(145.17436867978,-228.420853253779,81.2951582717705));
#2138=CARTESIAN_POINT('',(145.118068759087,-228.420853253779,81.2951582717705));
#2139=CARTESIAN_POINT('',(145.198564344913,-228.396569768585,81.3194417569647));
#2140=CARTESIAN_POINT('',(155.1478925615,-228.620853253779,81.0951582717706));
#2141=CARTESIAN_POINT('',(145.118068759087,-228.620853253779,81.0951582717705));
#2142=CARTESIAN_POINT('',(153.395024240455,-230.373721574825,79.3422899507256));
#2143=CARTESIAN_POINT('Origin',(155.3478925615,-228.42085325378,80.0077721479115));
#2144=CARTESIAN_POINT('',(155.5478925615,-228.220853253779,80.8951582717705));
#2145=CARTESIAN_POINT('',(155.5478925615,-228.22085325378,80.0077721479114));
#2146=CARTESIAN_POINT('',(155.662456915477,-228.106288899803,80.7805939177939));
#2147=CARTESIAN_POINT('',(155.1478925615,-228.62085325378,80.0077721479115));
#2148=CARTESIAN_POINT('Origin',(155.3478925615,-227.620853253779,81.0951582717703));
#2149=CARTESIAN_POINT('',(155.5478925615,-226.14675873283,80.89515827177));
#2150=CARTESIAN_POINT('',(155.5478925615,-227.620853253779,80.8951582717704));
#2151=CARTESIAN_POINT('',(155.34789169511,-226.146757606829,81.0951588182509));
#2152=CARTESIAN_POINT('',(153.646612568651,-226.14675873283,82.7964382646196));
#2153=CARTESIAN_POINT('',(155.1478925615,-226.346756614305,81.2951582717701));
#2154=CARTESIAN_POINT('',(153.027761316041,-228.466887859765,83.4152895172301));
#2155=CARTESIAN_POINT('',(155.1478925615,-227.620853253779,81.2951582717703));
#2156=CARTESIAN_POINT('Origin',(144.975093278065,-227.620853253779,81.0951595843813));
#2157=CARTESIAN_POINT('',(145.17436867978,-226.346756614305,81.29515827177));
#2158=CARTESIAN_POINT('',(145.17436867978,-227.620853253779,81.2951582717703));
#2159=CARTESIAN_POINT('',(144.975092981312,-226.14675760401,81.0951588154109));
#2160=CARTESIAN_POINT('',(144.942961958171,-226.114509983881,81.0629116413455));
#2161=CARTESIAN_POINT('',(146.687284168814,-226.14675873283,82.8135650060318));
#2162=CARTESIAN_POINT('Origin',(143.101201728214,-226.246756614305,81.19515827177));
#2163=CARTESIAN_POINT('',(143.101201728214,-226.346756614305,81.29515827177));
#2164=CARTESIAN_POINT('',(143.101201728214,-226.146756614305,81.09515827177));
#2165=CARTESIAN_POINT('Origin',(150.192772590102,-226.14675873283,82.74515827177));
#2166=CARTESIAN_POINT('',(155.5478925615,-226.146758732831,80.5000000938775));
#2167=CARTESIAN_POINT('',(155.5478925615,-226.14675873283,82.97015827177));
#2168=CARTESIAN_POINT('',(155.1478925615,-226.14675873283,80.9000000938775));
#2169=CARTESIAN_POINT('',(153.547823024178,-226.14675873283,82.5000696312002));
#2170=CARTESIAN_POINT('',(150.17695234372,-226.146758732831,80.9000000938775));
#2171=CARTESIAN_POINT('',(154.097772589983,-226.14675873283,81.082772147911));
#2172=CARTESIAN_POINT('Origin',(154.097772589983,-226.42085325378,79.4203860240521));
#2173=CARTESIAN_POINT('Origin',(150.161132097338,-226.310426035686,80.9000000938775));
#2174=CARTESIAN_POINT('',(155.1478925615,-224.844026009267,80.9000000938775));
#2175=CARTESIAN_POINT('',(155.1478925615,-226.965639644732,80.9000000938775));
#2176=CARTESIAN_POINT('',(146.891773578607,-224.844026009267,80.9000000938775));
#2177=CARTESIAN_POINT('Origin',(150.161132097338,-226.310426035686,80.9000000938775));
#2178=CARTESIAN_POINT('',(145.175800343866,-226.146758732831,80.9000000938775));
#2179=CARTESIAN_POINT('',(145.175800343866,-226.965639644734,80.9000000938775));
#2180=CARTESIAN_POINT('',(150.17695234372,-226.146758732831,80.9000000938775));
#2181=CARTESIAN_POINT('Origin',(151.61113251508,-225.784147315787,72.6529708536199));
#2182=CARTESIAN_POINT('',(151.611132515082,-226.702500284784,72.7456137763349));
#2183=CARTESIAN_POINT('Origin',(143.101201728214,-226.246756614305,81.19515827177));
#2184=CARTESIAN_POINT('',(143.101201728214,-226.146756614305,81.09515827177));
#2185=CARTESIAN_POINT('',(143.101201728214,-226.346756614305,81.29515827177));
#2186=CARTESIAN_POINT('Origin',(141.091460824949,-227.620853253779,81.2951582717703));
#2187=CARTESIAN_POINT('Origin',(146.891773578607,-224.644138930698,80.7000001257556));
#2188=CARTESIAN_POINT('',(155.547892529954,-224.444251842267,80.5000001362749));
#2189=CARTESIAN_POINT('',(153.551165075268,-226.439852226102,82.4967275801096));
#2190=CARTESIAN_POINT('',(145.257094319241,-224.444251852128,80.5000001576338));
#2191=CARTESIAN_POINT('Origin',(155.3478925615,-226.965639644732,80.7000000938775));
#2192=CARTESIAN_POINT('',(155.5478925615,-226.965639644732,80.5000000938775));
#2193=CARTESIAN_POINT('Origin',(155.5478925615,-227.620853253779,83.1951582717703));
#2194=CARTESIAN_POINT('',(155.547892497744,-223.944251931823,80.4997178540583));
#2195=CARTESIAN_POINT('Origin',(145.077249540436,-223.9488584058,72.3455317645019));
#2196=CARTESIAN_POINT('',(145.377249540436,-223.448858485496,72.3452494609264));
#2197=CARTESIAN_POINT('',(145.077249540436,-223.448858485495,72.3452494609264));
#2198=CARTESIAN_POINT('',(145.377249540436,-223.9488584058,72.3455317645019));
#2199=CARTESIAN_POINT('Origin',(145.077249540436,-223.944254491843,80.499720415524));
#2200=CARTESIAN_POINT('',(145.377249540436,-223.444254571539,80.4994381119485));
#2201=CARTESIAN_POINT('',(145.377249540436,-223.944254491844,80.499720415524));
#2202=CARTESIAN_POINT('',(145.077249540436,-223.444254571539,80.4994381119485));
#2203=CARTESIAN_POINT('Origin',(145.377249540436,-223.946230616872,76.9997209733912));
#2204=CARTESIAN_POINT('',(145.377249540436,-223.446230696567,76.9994386698157));
#2205=CARTESIAN_POINT('Origin',(145.077249540436,-223.446230696567,76.9994386698157));
#2206=CARTESIAN_POINT('Origin',(154.947892497744,-223.946228056852,76.9997184119255));
#2207=CARTESIAN_POINT('',(154.947892497744,-223.944251931824,80.4997178540583));
#2208=CARTESIAN_POINT('Origin',(155.247892497744,-223.944251931823,80.4997178540583));
#2209=CARTESIAN_POINT('Origin',(151.811132515076,-226.702500284784,72.5456137763349));
#2210=CARTESIAN_POINT('Origin',(148.511130607728,-226.702500284784,72.5456137763349));
#2211=CARTESIAN_POINT('Origin',(149.144676693224,-228.62085325378,76.8203860240525));
#2212=CARTESIAN_POINT('Origin',(150.192772590102,-226.14675873283,82.74515827177));
#2213=CARTESIAN_POINT('',(146.787148109717,-226.14675873283,82.5171963726123));
#2214=CARTESIAN_POINT('Origin',(144.97652494215,-226.965639644734,80.7000014064885));
#2215=UNCERTAINTY_MEASURE_WITH_UNIT(LENGTH_MEASURE(0.01),#2219,
'DISTANCE_ACCURACY_VALUE',
'Maximum model space distance between geometric entities at asserted c
onnectivities');
#2216=UNCERTAINTY_MEASURE_WITH_UNIT(LENGTH_MEASURE(0.01),#2219,
'DISTANCE_ACCURACY_VALUE',
'Maximum model space distance between geometric entities at asserted c
onnectivities');
#2217=(
GEOMETRIC_REPRESENTATION_CONTEXT(3)
GLOBAL_UNCERTAINTY_ASSIGNED_CONTEXT((#2215))
GLOBAL_UNIT_ASSIGNED_CONTEXT((#2219,#2221,#2222))
REPRESENTATION_CONTEXT('','3D')
);
#2218=(
GEOMETRIC_REPRESENTATION_CONTEXT(3)
GLOBAL_UNCERTAINTY_ASSIGNED_CONTEXT((#2216))
GLOBAL_UNIT_ASSIGNED_CONTEXT((#2219,#2221,#2222))
REPRESENTATION_CONTEXT('','3D')
);
#2219=(
LENGTH_UNIT()
NAMED_UNIT(*)
SI_UNIT(.MILLI.,.METRE.)
);
#2220=(
LENGTH_UNIT()
NAMED_UNIT(*)
SI_UNIT($,.METRE.)
);
#2221=(
NAMED_UNIT(*)
PLANE_ANGLE_UNIT()
SI_UNIT($,.RADIAN.)
);
#2222=(
NAMED_UNIT(*)
SI_UNIT($,.STERADIAN.)
SOLID_ANGLE_UNIT()
);
#2223=SHAPE_DEFINITION_REPRESENTATION(#2224,#2225);
#2224=PRODUCT_DEFINITION_SHAPE('',$,#2227);
#2225=SHAPE_REPRESENTATION('',(#1393),#2217);
#2226=PRODUCT_DEFINITION_CONTEXT('part definition',#2231,'design');
#2227=PRODUCT_DEFINITION('[o]_Carrier_Neo_RGB','[o]_Carrier_Neo_RGB',#2228,
#2226);
#2228=PRODUCT_DEFINITION_FORMATION('',$,#2233);
#2229=PRODUCT_RELATED_PRODUCT_CATEGORY('[o]_Carrier_Neo_RGB',
'[o]_Carrier_Neo_RGB',(#2233));
#2230=APPLICATION_PROTOCOL_DEFINITION('international standard',
'automotive_design',2009,#2231);
#2231=APPLICATION_CONTEXT(
'Core Data for Automotive Mechanical Design Process');
#2232=PRODUCT_CONTEXT('part definition',#2231,'mechanical');
#2233=PRODUCT('[o]_Carrier_Neo_RGB','[o]_Carrier_Neo_RGB',$,(#2232));
#2234=PRESENTATION_STYLE_ASSIGNMENT((#2236));
#2235=PRESENTATION_STYLE_ASSIGNMENT((#2237));
#2236=SURFACE_STYLE_USAGE(.BOTH.,#2238);
#2237=SURFACE_STYLE_USAGE(.BOTH.,#2239);
#2238=SURFACE_SIDE_STYLE('',(#2240));
#2239=SURFACE_SIDE_STYLE('',(#2241));
#2240=SURFACE_STYLE_FILL_AREA(#2242);
#2241=SURFACE_STYLE_FILL_AREA(#2243);
#2242=FILL_AREA_STYLE('Stainless Steel - Satin',(#2244));
#2243=FILL_AREA_STYLE('Opaque(25,25,25)',(#2245));
#2244=FILL_AREA_STYLE_COLOUR('Stainless Steel - Satin',#2246);
#2245=FILL_AREA_STYLE_COLOUR('Opaque(25,25,25)',#2247);
#2246=COLOUR_RGB('Stainless Steel - Satin',0.796078431372549,0.796078431372549,
0.796078431372549);
#2247=COLOUR_RGB('Opaque(25,25,25)',0.0980392156862745,0.0980392156862745,
0.0980392156862745);
ENDSEC;
END-ISO-10303-21;
